branch,control_set,sample_id,primary_model,major_group_7,outcome,outcome_prop,outcome_pct,grade_signal,grade_signal_column,model_family,beta,se,ci_low,ci_high,odds_ratio_10pp,ame_10pp,ame_ci_low_10pp,ame_ci_high_10pp,ols_pp_10pp,row_n,school_n,rank,rank_full,converged,status,model_warning,formula
STRUCTURE,B_CORE,P4_JOINT_STRUCTURE_READY,True,ART,HEALTH_EMPLOYMENT,health_employment_rate_prop,health_employment_rate_pct,RAW_A,a_rate_10pp,fractional_logit,-0.018085573635639732,0.024421508481771784,-0.06595085070805189,0.029779703436772418,0.9820769888639831,-0.004299113454136146,-0.01468159585746101,0.007325005065178493,,646,138,25,True,True,OK,school_type: rare_levels=2 | region_sido: rare_levels=2,health_employment_rate_prop ~ a_rate_10pp + C(school_type) + C(region_sido) + C(campus_branch) + C(credit_forfeit_flag) + female_student_share_pct + international_student_share_pct + leave_rate_pct + student_faculty_ratio + fulltime_faculty_share_pct
STRUCTURE,B_CORE,P4_JOINT_STRUCTURE_READY,True,ART,HEALTH_EMPLOYMENT,health_employment_rate_prop,health_employment_rate_pct,RAW_A,a_rate_10pp,ols_cluster,-0.4183874023041744,0.5758302521740947,-1.5469939577740173,0.7102191531656683,,,,,-0.4183874023041744,646,138,25,True,True,OK,school_type: rare_levels=2 | region_sido: rare_levels=2,health_employment_rate_prop ~ a_rate_10pp + C(school_type) + C(region_sido) + C(campus_branch) + C(credit_forfeit_flag) + female_student_share_pct + international_student_share_pct + leave_rate_pct + student_faculty_ratio + fulltime_faculty_share_pct
STRUCTURE,B_CORE,P4_JOINT_STRUCTURE_READY,True,ART,GRAD_SCHOOL_PROGRESSION,graduate_school_progression_rate_prop,graduate_school_progression_rate_pct,RAW_A,a_rate_10pp,fractional_logit,0.09879495277964474,0.04402086650121026,0.012515639869026901,0.18507426569026258,1.103839937041365,0.006174260908314511,0.0005149794066556401,0.016800437111055083,,646,138,25,True,True,OK,school_type: rare_levels=2 | region_sido: rare_levels=2,graduate_school_progression_rate_prop ~ a_rate_10pp + C(school_type) + C(region_sido) + C(campus_branch) + C(credit_forfeit_flag) + female_student_share_pct + international_student_share_pct + leave_rate_pct + student_faculty_ratio + fulltime_faculty_share_pct
STRUCTURE,B_CORE,P4_JOINT_STRUCTURE_READY,True,ART,GRAD_SCHOOL_PROGRESSION,graduate_school_progression_rate_prop,graduate_school_progression_rate_pct,RAW_A,a_rate_10pp,ols_cluster,0.8673317756093927,0.3572592591345283,0.16711649456225497,1.5675470566565304,,,,,0.8673317756093927,646,138,25,True,True,OK,school_type: rare_levels=2 | region_sido: rare_levels=2,graduate_school_progression_rate_prop ~ a_rate_10pp + C(school_type) + C(region_sido) + C(campus_branch) + C(credit_forfeit_flag) + female_student_share_pct + international_student_share_pct + leave_rate_pct + student_faculty_ratio + fulltime_faculty_share_pct
STRUCTURE,B_CORE,P4_JOINT_STRUCTURE_READY,True,EDU,HEALTH_EMPLOYMENT,health_employment_rate_prop,health_employment_rate_pct,RAW_A,a_rate_10pp,fractional_logit,0.06549597587866647,0.03284207041293678,0.0011267006915818695,0.1298652510657511,1.067688440797021,0.015633493230044156,0.0002561632199639525,0.031025696339146494,,602,117,25,True,True,OK,school_type: rare_levels=2 | campus_branch: rare_levels=1,health_employment_rate_prop ~ a_rate_10pp + C(school_type) + C(region_sido) + C(campus_branch) + C(credit_forfeit_flag) + female_student_share_pct + international_student_share_pct + leave_rate_pct + student_faculty_ratio + fulltime_faculty_share_pct
STRUCTURE,B_CORE,P4_JOINT_STRUCTURE_READY,True,EDU,HEALTH_EMPLOYMENT,health_employment_rate_prop,health_employment_rate_pct,RAW_A,a_rate_10pp,ols_cluster,1.5561769980609326,0.7857073015342636,0.016218984663623592,3.0961350114582418,,,,,1.5561769980609326,602,117,25,True,True,OK,school_type: rare_levels=2 | campus_branch: rare_levels=1,health_employment_rate_prop ~ a_rate_10pp + C(school_type) + C(region_sido) + C(campus_branch) + C(credit_forfeit_flag) + female_student_share_pct + international_student_share_pct + leave_rate_pct + student_faculty_ratio + fulltime_faculty_share_pct
STRUCTURE,B_CORE,P4_JOINT_STRUCTURE_READY,True,EDU,GRAD_SCHOOL_PROGRESSION,graduate_school_progression_rate_prop,graduate_school_progression_rate_pct,RAW_A,a_rate_10pp,fractional_logit,0.1829738554722024,0.047337030234926476,0.0901949810766629,0.2757527298677419,1.2007830137655555,0.005315531275911081,0.0016401970154029256,0.012117358349005443,,602,117,25,True,True,OK,school_type: rare_levels=2 | campus_branch: rare_levels=1,graduate_school_progression_rate_prop ~ a_rate_10pp + C(school_type) + C(region_sido) + C(campus_branch) + C(credit_forfeit_flag) + female_student_share_pct + international_student_share_pct + leave_rate_pct + student_faculty_ratio + fulltime_faculty_share_pct
STRUCTURE,B_CORE,P4_JOINT_STRUCTURE_READY,True,EDU,GRAD_SCHOOL_PROGRESSION,graduate_school_progression_rate_prop,graduate_school_progression_rate_pct,RAW_A,a_rate_10pp,ols_cluster,1.0271164029181818,0.3919050087072267,0.2589967004911612,1.7952361053452024,,,,,1.0271164029181818,602,117,25,True,True,OK,school_type: rare_levels=2 | campus_branch: rare_levels=1,graduate_school_progression_rate_prop ~ a_rate_10pp + C(school_type) + C(region_sido) + C(campus_branch) + C(credit_forfeit_flag) + female_student_share_pct + international_student_share_pct + leave_rate_pct + student_faculty_ratio + fulltime_faculty_share_pct
STRUCTURE,B_CORE,P4_JOINT_STRUCTURE_READY,True,ENG,HEALTH_EMPLOYMENT,health_employment_rate_prop,health_employment_rate_pct,RAW_A,a_rate_10pp,fractional_logit,0.08255716800139586,0.02475453902941942,0.03403916304984268,0.13107517295294902,1.0860607595873892,0.019293907647504778,0.008277506239436771,0.028754622238991417,,911,130,25,True,True,OK,school_type: rare_levels=3,health_employment_rate_prop ~ a_rate_10pp + C(school_type) + C(region_sido) + C(campus_branch) + C(credit_forfeit_flag) + female_student_share_pct + international_student_share_pct + leave_rate_pct + student_faculty_ratio + fulltime_faculty_share_pct
STRUCTURE,B_CORE,P4_JOINT_STRUCTURE_READY,True,ENG,HEALTH_EMPLOYMENT,health_employment_rate_prop,health_employment_rate_pct,RAW_A,a_rate_10pp,ols_cluster,1.8961900774302143,0.5657712330786083,0.7872988371073255,3.005081317753103,,,,,1.8961900774302143,911,130,25,True,True,OK,school_type: rare_levels=3,health_employment_rate_prop ~ a_rate_10pp + C(school_type) + C(region_sido) + C(campus_branch) + C(credit_forfeit_flag) + female_student_share_pct + international_student_share_pct + leave_rate_pct + student_faculty_ratio + fulltime_faculty_share_pct
STRUCTURE,B_CORE,P4_JOINT_STRUCTURE_READY,True,ENG,GRAD_SCHOOL_PROGRESSION,graduate_school_progression_rate_prop,graduate_school_progression_rate_pct,RAW_A,a_rate_10pp,fractional_logit,0.3792242235802915,0.07756418335814846,0.22720121770805948,0.5312472294525236,1.461150623439749,0.04569829145877204,0.01622845512170717,0.0912135459790856,,911,130,25,True,True,OK,school_type: rare_levels=3,graduate_school_progression_rate_prop ~ a_rate_10pp + C(school_type) + C(region_sido) + C(campus_branch) + C(credit_forfeit_flag) + female_student_share_pct + international_student_share_pct + leave_rate_pct + student_faculty_ratio + fulltime_faculty_share_pct
STRUCTURE,B_CORE,P4_JOINT_STRUCTURE_READY,True,ENG,GRAD_SCHOOL_PROGRESSION,graduate_school_progression_rate_prop,graduate_school_progression_rate_pct,RAW_A,a_rate_10pp,ols_cluster,4.408190652730628,1.1216607129568348,2.2097760524617125,6.606605252999543,,,,,4.408190652730628,911,130,25,True,True,OK,school_type: rare_levels=3,graduate_school_progression_rate_prop ~ a_rate_10pp + C(school_type) + C(region_sido) + C(campus_branch) + C(credit_forfeit_flag) + female_student_share_pct + international_student_share_pct + leave_rate_pct + student_faculty_ratio + fulltime_faculty_share_pct
STRUCTURE,B_CORE,P4_JOINT_STRUCTURE_READY,True,HUM,HEALTH_EMPLOYMENT,health_employment_rate_prop,health_employment_rate_pct,RAW_A,a_rate_10pp,fractional_logit,0.08303601365356159,0.02319420574527872,0.03757620574280329,0.12849582156431988,1.086580939593133,0.020456479593155625,0.009140299686019334,0.03121201780224488,,535,106,24,True,True,OK,school_type: rare_levels=1 | region_sido: rare_levels=2,health_employment_rate_prop ~ a_rate_10pp + C(school_type) + C(region_sido) + C(campus_branch) + C(credit_forfeit_flag) + female_student_share_pct + international_student_share_pct + leave_rate_pct + student_faculty_ratio + fulltime_faculty_share_pct
STRUCTURE,B_CORE,P4_JOINT_STRUCTURE_READY,True,HUM,HEALTH_EMPLOYMENT,health_employment_rate_prop,health_employment_rate_pct,RAW_A,a_rate_10pp,ols_cluster,2.045098124643884,0.5695489966966998,0.9288026036874302,3.161393645600338,,,,,2.045098124643884,535,106,24,True,True,OK,school_type: rare_levels=1 | region_sido: rare_levels=2,health_employment_rate_prop ~ a_rate_10pp + C(school_type) + C(region_sido) + C(campus_branch) + C(credit_forfeit_flag) + female_student_share_pct + international_student_share_pct + leave_rate_pct + student_faculty_ratio + fulltime_faculty_share_pct
STRUCTURE,B_CORE,P4_JOINT_STRUCTURE_READY,True,HUM,GRAD_SCHOOL_PROGRESSION,graduate_school_progression_rate_prop,graduate_school_progression_rate_pct,RAW_A,a_rate_10pp,fractional_logit,0.21469398523525007,0.0557726921752552,0.105381517250911,0.32400645321958915,1.2394825389668742,0.013732387901922407,0.004090408564878187,0.03164571859015556,,535,106,24,True,True,OK,school_type: rare_levels=1 | region_sido: rare_levels=2,graduate_school_progression_rate_prop ~ a_rate_10pp + C(school_type) + C(region_sido) + C(campus_branch) + C(credit_forfeit_flag) + female_student_share_pct + international_student_share_pct + leave_rate_pct + student_faculty_ratio + fulltime_faculty_share_pct
STRUCTURE,B_CORE,P4_JOINT_STRUCTURE_READY,True,HUM,GRAD_SCHOOL_PROGRESSION,graduate_school_progression_rate_prop,graduate_school_progression_rate_pct,RAW_A,a_rate_10pp,ols_cluster,1.920018043525933,0.5930950229597971,0.7575731591147743,3.082462927937092,,,,,1.920018043525933,535,106,24,True,True,OK,school_type: rare_levels=1 | region_sido: rare_levels=2,graduate_school_progression_rate_prop ~ a_rate_10pp + C(school_type) + C(region_sido) + C(campus_branch) + C(credit_forfeit_flag) + female_student_share_pct + international_student_share_pct + leave_rate_pct + student_faculty_ratio + fulltime_faculty_share_pct
STRUCTURE,B_CORE,P4_JOINT_STRUCTURE_READY,True,MED,HEALTH_EMPLOYMENT,health_employment_rate_prop,health_employment_rate_pct,RAW_A,a_rate_10pp,fractional_logit,-0.02902625868488705,0.05482195839788935,-0.13647532270670334,0.07842280533692925,0.9713909566826722,-0.005656646888103524,-0.03139036907773802,0.011755224077464163,,374,115,24,True,True,OK,school_type: rare_levels=2 | region_sido: rare_levels=2 | campus_branch: rare_levels=1,health_employment_rate_prop ~ a_rate_10pp + C(school_type) + C(region_sido) + C(campus_branch) + C(credit_forfeit_flag) + female_student_share_pct + international_student_share_pct + leave_rate_pct + student_faculty_ratio + fulltime_faculty_share_pct
STRUCTURE,B_CORE,P4_JOINT_STRUCTURE_READY,True,MED,HEALTH_EMPLOYMENT,health_employment_rate_prop,health_employment_rate_pct,RAW_A,a_rate_10pp,ols_cluster,-0.583470225263188,1.0897937212700801,-2.719426669530427,1.5524862190040511,,,,,-0.583470225263188,374,115,24,True,True,OK,school_type: rare_levels=2 | region_sido: rare_levels=2 | campus_branch: rare_levels=1,health_employment_rate_prop ~ a_rate_10pp + C(school_type) + C(region_sido) + C(campus_branch) + C(credit_forfeit_flag) + female_student_share_pct + international_student_share_pct + leave_rate_pct + student_faculty_ratio + fulltime_faculty_share_pct
STRUCTURE,B_CORE,P4_JOINT_STRUCTURE_READY,True,MED,GRAD_SCHOOL_PROGRESSION,graduate_school_progression_rate_prop,graduate_school_progression_rate_pct,RAW_A,a_rate_10pp,fractional_logit,0.21081982972035368,0.257718785997818,-0.29429970897475516,0.7159393684154625,1.2346898805992892,0.003801081860533882,-0.0005926394501188857,0.07307119298841813,,374,115,24,True,True,OK,school_type: rare_levels=2 | region_sido: rare_levels=2 | campus_branch: rare_levels=1,graduate_school_progression_rate_prop ~ a_rate_10pp + C(school_type) + C(region_sido) + C(campus_branch) + C(credit_forfeit_flag) + female_student_share_pct + international_student_share_pct + leave_rate_pct + student_faculty_ratio + fulltime_faculty_share_pct
STRUCTURE,B_CORE,P4_JOINT_STRUCTURE_READY,True,MED,GRAD_SCHOOL_PROGRESSION,graduate_school_progression_rate_prop,graduate_school_progression_rate_pct,RAW_A,a_rate_10pp,ols_cluster,0.33064116675118993,0.48179418664059664,-0.6136580870251483,1.2749404205275283,,,,,0.33064116675118993,374,115,24,True,True,OK,school_type: rare_levels=2 | region_sido: rare_levels=2 | campus_branch: rare_levels=1,graduate_school_progression_rate_prop ~ a_rate_10pp + C(school_type) + C(region_sido) + C(campus_branch) + C(credit_forfeit_flag) + female_student_share_pct + international_student_share_pct + leave_rate_pct + student_faculty_ratio + fulltime_faculty_share_pct
STRUCTURE,B_CORE,P4_JOINT_STRUCTURE_READY,True,NAT,HEALTH_EMPLOYMENT,health_employment_rate_prop,health_employment_rate_pct,RAW_A,a_rate_10pp,fractional_logit,-0.019227066885410298,0.028541922266466933,-0.07516820657722732,0.03671407280640672,0.9809565941935734,-0.004780071627994119,-0.018357682287781438,0.008952698144171229,,583,111,25,True,True,OK,school_type: rare_levels=2,health_employment_rate_prop ~ a_rate_10pp + C(school_type) + C(region_sido) + C(campus_branch) + C(credit_forfeit_flag) + female_student_share_pct + international_student_share_pct + leave_rate_pct + student_faculty_ratio + fulltime_faculty_share_pct
STRUCTURE,B_CORE,P4_JOINT_STRUCTURE_READY,True,NAT,HEALTH_EMPLOYMENT,health_employment_rate_prop,health_employment_rate_pct,RAW_A,a_rate_10pp,ols_cluster,-0.48066406651044913,0.7086324716476343,-1.8695581892154134,0.9082300561945151,,,,,-0.48066406651044913,583,111,25,True,True,OK,school_type: rare_levels=2,health_employment_rate_prop ~ a_rate_10pp + C(school_type) + C(region_sido) + C(campus_branch) + C(credit_forfeit_flag) + female_student_share_pct + international_student_share_pct + leave_rate_pct + student_faculty_ratio + fulltime_faculty_share_pct
STRUCTURE,B_CORE,P4_JOINT_STRUCTURE_READY,True,NAT,GRAD_SCHOOL_PROGRESSION,graduate_school_progression_rate_prop,graduate_school_progression_rate_pct,RAW_A,a_rate_10pp,fractional_logit,0.2135029660646495,0.06068707151328777,0.0945584915713988,0.3324474405579002,1.238007170271944,0.0367302540297154,0.01168944630530656,0.06987562752328697,,583,111,25,True,True,OK,school_type: rare_levels=2,graduate_school_progression_rate_prop ~ a_rate_10pp + C(school_type) + C(region_sido) + C(campus_branch) + C(credit_forfeit_flag) + female_student_share_pct + international_student_share_pct + leave_rate_pct + student_faculty_ratio + fulltime_faculty_share_pct
STRUCTURE,B_CORE,P4_JOINT_STRUCTURE_READY,True,NAT,GRAD_SCHOOL_PROGRESSION,graduate_school_progression_rate_prop,graduate_school_progression_rate_pct,RAW_A,a_rate_10pp,ols_cluster,3.7330523731352683,1.1925861778052655,1.3956264161766665,6.07047833009387,,,,,3.7330523731352683,583,111,25,True,True,OK,school_type: rare_levels=2,graduate_school_progression_rate_prop ~ a_rate_10pp + C(school_type) + C(region_sido) + C(campus_branch) + C(credit_forfeit_flag) + female_student_share_pct + international_student_share_pct + leave_rate_pct + student_faculty_ratio + fulltime_faculty_share_pct
STRUCTURE,B_CORE,P4_JOINT_STRUCTURE_READY,True,SOC,HEALTH_EMPLOYMENT,health_employment_rate_prop,health_employment_rate_pct,RAW_A,a_rate_10pp,fractional_logit,0.02970471786757244,0.02020328629094654,-0.00989299563203459,0.06930243136717947,1.0301503040603976,0.007144458729515359,-0.0024091301844460316,0.016208018620907514,,848,148,26,True,True,OK,school_type: rare_levels=2,health_employment_rate_prop ~ a_rate_10pp + C(school_type) + C(region_sido) + C(campus_branch) + C(credit_forfeit_flag) + female_student_share_pct + international_student_share_pct + leave_rate_pct + student_faculty_ratio + fulltime_faculty_share_pct
STRUCTURE,B_CORE,P4_JOINT_STRUCTURE_READY,True,SOC,HEALTH_EMPLOYMENT,health_employment_rate_prop,health_employment_rate_pct,RAW_A,a_rate_10pp,ols_cluster,0.736937462575577,0.4744319302526822,-0.19293203383549906,1.666806958986653,,,,,0.736937462575577,848,148,26,True,True,OK,school_type: rare_levels=2,health_employment_rate_prop ~ a_rate_10pp + C(school_type) + C(region_sido) + C(campus_branch) + C(credit_forfeit_flag) + female_student_share_pct + international_student_share_pct + leave_rate_pct + student_faculty_ratio + fulltime_faculty_share_pct
STRUCTURE,B_CORE,P4_JOINT_STRUCTURE_READY,True,SOC,GRAD_SCHOOL_PROGRESSION,graduate_school_progression_rate_prop,graduate_school_progression_rate_pct,RAW_A,a_rate_10pp,fractional_logit,0.37568762518269616,0.05347966919000203,0.2708693996651758,0.4805058507002165,1.4559922474149818,0.011690291773049801,0.0051742957375792336,0.023298646792870078,,848,148,26,True,True,OK,school_type: rare_levels=2,graduate_school_progression_rate_prop ~ a_rate_10pp + C(school_type) + C(region_sido) + C(campus_branch) + C(credit_forfeit_flag) + female_student_share_pct + international_student_share_pct + leave_rate_pct + student_faculty_ratio + fulltime_faculty_share_pct
STRUCTURE,B_CORE,P4_JOINT_STRUCTURE_READY,True,SOC,GRAD_SCHOOL_PROGRESSION,graduate_school_progression_rate_prop,graduate_school_progression_rate_pct,RAW_A,a_rate_10pp,ols_cluster,1.4255367010391577,0.35893896626086774,0.7220292545198194,2.129044147558496,,,,,1.4255367010391577,848,148,26,True,True,OK,school_type: rare_levels=2,graduate_school_progression_rate_prop ~ a_rate_10pp + C(school_type) + C(region_sido) + C(campus_branch) + C(credit_forfeit_flag) + female_student_share_pct + international_student_share_pct + leave_rate_pct + student_faculty_ratio + fulltime_faculty_share_pct
STRUCTURE,B_CORE_B_SCALE,P4_JOINT_STRUCTURE_READY,False,ART,HEALTH_EMPLOYMENT,health_employment_rate_prop,health_employment_rate_pct,RAW_A,a_rate_10pp,fractional_logit,-0.009706226385837544,0.025569242656959472,-0.05982102110544335,0.040408568333768255,0.9903407269933172,-0.0023047482778354076,-0.013262882772681592,0.009929057420718021,,646,138,27,True,True,OK,school_type: rare_levels=2 | region_sido: rare_levels=2,health_employment_rate_prop ~ a_rate_10pp + C(school_type) + C(region_sido) + C(campus_branch) + C(credit_forfeit_flag) + female_student_share_pct + international_student_share_pct + leave_rate_pct + student_faculty_ratio + fulltime_faculty_share_pct + log_enrolled_students + log_graduates
STRUCTURE,B_CORE_B_SCALE,P4_JOINT_STRUCTURE_READY,False,ART,HEALTH_EMPLOYMENT,health_employment_rate_prop,health_employment_rate_pct,RAW_A,a_rate_10pp,ols_cluster,-0.23026518859425488,0.598978586102872,-1.4042416448666077,0.9437112676780981,,,,,-0.23026518859425488,646,138,27,True,True,OK,school_type: rare_levels=2 | region_sido: rare_levels=2,health_employment_rate_prop ~ a_rate_10pp + C(school_type) + C(region_sido) + C(campus_branch) + C(credit_forfeit_flag) + female_student_share_pct + international_student_share_pct + leave_rate_pct + student_faculty_ratio + fulltime_faculty_share_pct + log_enrolled_students + log_graduates
STRUCTURE,B_CORE_B_SCALE,P4_JOINT_STRUCTURE_READY,False,ART,GRAD_SCHOOL_PROGRESSION,graduate_school_progression_rate_prop,graduate_school_progression_rate_pct,RAW_A,a_rate_10pp,fractional_logit,0.08902914384458636,0.04209487401407853,0.00652470684324144,0.1715335808459313,1.0931125133633146,0.005527330216647032,0.00027206889185801993,0.015223301911087974,,646,138,27,True,True,OK,school_type: rare_levels=2 | region_sido: rare_levels=2,graduate_school_progression_rate_prop ~ a_rate_10pp + C(school_type) + C(region_sido) + C(campus_branch) + C(credit_forfeit_flag) + female_student_share_pct + international_student_share_pct + leave_rate_pct + student_faculty_ratio + fulltime_faculty_share_pct + log_enrolled_students + log_graduates
STRUCTURE,B_CORE_B_SCALE,P4_JOINT_STRUCTURE_READY,False,ART,GRAD_SCHOOL_PROGRESSION,graduate_school_progression_rate_prop,graduate_school_progression_rate_pct,RAW_A,a_rate_10pp,ols_cluster,0.7413263952270411,0.3470116808011892,0.06119599864200098,1.4214567918120813,,,,,0.7413263952270411,646,138,27,True,True,OK,school_type: rare_levels=2 | region_sido: rare_levels=2,graduate_school_progression_rate_prop ~ a_rate_10pp + C(school_type) + C(region_sido) + C(campus_branch) + C(credit_forfeit_flag) + female_student_share_pct + international_student_share_pct + leave_rate_pct + student_faculty_ratio + fulltime_faculty_share_pct + log_enrolled_students + log_graduates
STRUCTURE,B_CORE_B_SCALE,P4_JOINT_STRUCTURE_READY,False,EDU,HEALTH_EMPLOYMENT,health_employment_rate_prop,health_employment_rate_pct,RAW_A,a_rate_10pp,fractional_logit,0.06591877437437305,0.03319934820685974,0.0008492475787235249,0.13098830117002258,1.0681399533063523,0.015713891847237232,0.00019264308550143245,0.031241827937893377,,602,117,27,True,True,OK,school_type: rare_levels=2 | campus_branch: rare_levels=1,health_employment_rate_prop ~ a_rate_10pp + C(school_type) + C(region_sido) + C(campus_branch) + C(credit_forfeit_flag) + female_student_share_pct + international_student_share_pct + leave_rate_pct + student_faculty_ratio + fulltime_faculty_share_pct + log_enrolled_students + log_graduates
STRUCTURE,B_CORE_B_SCALE,P4_JOINT_STRUCTURE_READY,False,EDU,HEALTH_EMPLOYMENT,health_employment_rate_prop,health_employment_rate_pct,RAW_A,a_rate_10pp,ols_cluster,1.5633851593666108,0.794892525695977,0.005424437422416384,3.1213458813108055,,,,,1.5633851593666108,602,117,27,True,True,OK,school_type: rare_levels=2 | campus_branch: rare_levels=1,health_employment_rate_prop ~ a_rate_10pp + C(school_type) + C(region_sido) + C(campus_branch) + C(credit_forfeit_flag) + female_student_share_pct + international_student_share_pct + leave_rate_pct + student_faculty_ratio + fulltime_faculty_share_pct + log_enrolled_students + log_graduates
STRUCTURE,B_CORE_B_SCALE,P4_JOINT_STRUCTURE_READY,False,EDU,GRAD_SCHOOL_PROGRESSION,graduate_school_progression_rate_prop,graduate_school_progression_rate_pct,RAW_A,a_rate_10pp,fractional_logit,0.16297105771908685,0.045617546736618955,0.07356230905224102,0.25237980638593266,1.1770026240549198,0.0046771097116785395,0.0013492643806485016,0.010761994685664727,,602,117,27,True,True,OK,school_type: rare_levels=2 | campus_branch: rare_levels=1,graduate_school_progression_rate_prop ~ a_rate_10pp + C(school_type) + C(region_sido) + C(campus_branch) + C(credit_forfeit_flag) + female_student_share_pct + international_student_share_pct + leave_rate_pct + student_faculty_ratio + fulltime_faculty_share_pct + log_enrolled_students + log_graduates
STRUCTURE,B_CORE_B_SCALE,P4_JOINT_STRUCTURE_READY,False,EDU,GRAD_SCHOOL_PROGRESSION,graduate_school_progression_rate_prop,graduate_school_progression_rate_pct,RAW_A,a_rate_10pp,ols_cluster,1.0269107241674003,0.3694819439108722,0.30273942116424246,1.751082027170558,,,,,1.0269107241674003,602,117,27,True,True,OK,school_type: rare_levels=2 | campus_branch: rare_levels=1,graduate_school_progression_rate_prop ~ a_rate_10pp + C(school_type) + C(region_sido) + C(campus_branch) + C(credit_forfeit_flag) + female_student_share_pct + international_student_share_pct + leave_rate_pct + student_faculty_ratio + fulltime_faculty_share_pct + log_enrolled_students + log_graduates
STRUCTURE,B_CORE_B_SCALE,P4_JOINT_STRUCTURE_READY,False,ENG,HEALTH_EMPLOYMENT,health_employment_rate_prop,health_employment_rate_pct,RAW_A,a_rate_10pp,fractional_logit,0.09347484920836818,0.025570479113904747,0.0433576310776812,0.14359206733905516,1.0979829878526826,0.021800672740062067,0.010537944313544401,0.031342176124602855,,911,130,27,True,True,OK,school_type: rare_levels=3,health_employment_rate_prop ~ a_rate_10pp + C(school_type) + C(region_sido) + C(campus_branch) + C(credit_forfeit_flag) + female_student_share_pct + international_student_share_pct + leave_rate_pct + student_faculty_ratio + fulltime_faculty_share_pct + log_enrolled_students + log_graduates
STRUCTURE,B_CORE_B_SCALE,P4_JOINT_STRUCTURE_READY,False,ENG,HEALTH_EMPLOYMENT,health_employment_rate_prop,health_employment_rate_pct,RAW_A,a_rate_10pp,ols_cluster,2.1591652790691307,0.5850895826944367,1.0124107692584652,3.3059197888797964,,,,,2.1591652790691307,911,130,27,True,True,OK,school_type: rare_levels=3,health_employment_rate_prop ~ a_rate_10pp + C(school_type) + C(region_sido) + C(campus_branch) + C(credit_forfeit_flag) + female_student_share_pct + international_student_share_pct + leave_rate_pct + student_faculty_ratio + fulltime_faculty_share_pct + log_enrolled_students + log_graduates
STRUCTURE,B_CORE_B_SCALE,P4_JOINT_STRUCTURE_READY,False,ENG,GRAD_SCHOOL_PROGRESSION,graduate_school_progression_rate_prop,graduate_school_progression_rate_pct,RAW_A,a_rate_10pp,fractional_logit,0.4078729497091784,0.07488061402548012,0.26110964307899254,0.5546362563393643,1.503616114169491,0.049528497865300114,0.019242699753894952,0.09465575656010611,,911,130,27,True,True,OK,school_type: rare_levels=3,graduate_school_progression_rate_prop ~ a_rate_10pp + C(school_type) + C(region_sido) + C(campus_branch) + C(credit_forfeit_flag) + female_student_share_pct + international_student_share_pct + leave_rate_pct + student_faculty_ratio + fulltime_faculty_share_pct + log_enrolled_students + log_graduates
STRUCTURE,B_CORE_B_SCALE,P4_JOINT_STRUCTURE_READY,False,ENG,GRAD_SCHOOL_PROGRESSION,graduate_school_progression_rate_prop,graduate_school_progression_rate_pct,RAW_A,a_rate_10pp,ols_cluster,4.586053520927648,1.0779620415785596,2.4732867427324035,6.698820299122893,,,,,4.586053520927648,911,130,27,True,True,OK,school_type: rare_levels=3,graduate_school_progression_rate_prop ~ a_rate_10pp + C(school_type) + C(region_sido) + C(campus_branch) + C(credit_forfeit_flag) + female_student_share_pct + international_student_share_pct + leave_rate_pct + student_faculty_ratio + fulltime_faculty_share_pct + log_enrolled_students + log_graduates
STRUCTURE,B_CORE_B_SCALE,P4_JOINT_STRUCTURE_READY,False,HUM,HEALTH_EMPLOYMENT,health_employment_rate_prop,health_employment_rate_pct,RAW_A,a_rate_10pp,fractional_logit,0.08645158785359752,0.022868255296973655,0.041630631082261844,0.1312725446249332,1.0902985827454625,0.02127484940198839,0.01012177423408772,0.03185924756811341,,535,106,26,True,True,OK,school_type: rare_levels=1 | region_sido: rare_levels=2,health_employment_rate_prop ~ a_rate_10pp + C(school_type) + C(region_sido) + C(campus_branch) + C(credit_forfeit_flag) + female_student_share_pct + international_student_share_pct + leave_rate_pct + student_faculty_ratio + fulltime_faculty_share_pct + log_enrolled_students + log_graduates
STRUCTURE,B_CORE_B_SCALE,P4_JOINT_STRUCTURE_READY,False,HUM,HEALTH_EMPLOYMENT,health_employment_rate_prop,health_employment_rate_pct,RAW_A,a_rate_10pp,ols_cluster,2.125432252033464,0.5593305802408624,1.0291644593094829,3.221700044757445,,,,,2.125432252033464,535,106,26,True,True,OK,school_type: rare_levels=1 | region_sido: rare_levels=2,health_employment_rate_prop ~ a_rate_10pp + C(school_type) + C(region_sido) + C(campus_branch) + C(credit_forfeit_flag) + female_student_share_pct + international_student_share_pct + leave_rate_pct + student_faculty_ratio + fulltime_faculty_share_pct + log_enrolled_students + log_graduates
STRUCTURE,B_CORE_B_SCALE,P4_JOINT_STRUCTURE_READY,False,HUM,GRAD_SCHOOL_PROGRESSION,graduate_school_progression_rate_prop,graduate_school_progression_rate_pct,RAW_A,a_rate_10pp,fractional_logit,0.22409506342303792,0.06321925733213307,0.10018759592268736,0.3480025309233885,1.2511899561751103,0.014318009266265131,0.003637963771330391,0.03543832115889019,,535,106,26,True,True,OK,school_type: rare_levels=1 | region_sido: rare_levels=2,graduate_school_progression_rate_prop ~ a_rate_10pp + C(school_type) + C(region_sido) + C(campus_branch) + C(credit_forfeit_flag) + female_student_share_pct + international_student_share_pct + leave_rate_pct + student_faculty_ratio + fulltime_faculty_share_pct + log_enrolled_students + log_graduates
STRUCTURE,B_CORE_B_SCALE,P4_JOINT_STRUCTURE_READY,False,HUM,GRAD_SCHOOL_PROGRESSION,graduate_school_progression_rate_prop,graduate_school_progression_rate_pct,RAW_A,a_rate_10pp,ols_cluster,1.9384212213955359,0.5763800016399145,0.808737176772166,3.0681052660189057,,,,,1.9384212213955359,535,106,26,True,True,OK,school_type: rare_levels=1 | region_sido: rare_levels=2,graduate_school_progression_rate_prop ~ a_rate_10pp + C(school_type) + C(region_sido) + C(campus_branch) + C(credit_forfeit_flag) + female_student_share_pct + international_student_share_pct + leave_rate_pct + student_faculty_ratio + fulltime_faculty_share_pct + log_enrolled_students + log_graduates
STRUCTURE,B_CORE_B_SCALE,P4_JOINT_STRUCTURE_READY,False,MED,HEALTH_EMPLOYMENT,health_employment_rate_prop,health_employment_rate_pct,RAW_A,a_rate_10pp,fractional_logit,-0.02850894510862309,0.05409734148697979,-0.13453778608246797,0.07751989586522179,0.9718936004134276,-0.005532714750023005,-0.030744483915429662,0.011637399276815062,,374,115,26,True,True,OK,school_type: rare_levels=2 | region_sido: rare_levels=2 | campus_branch: rare_levels=1,health_employment_rate_prop ~ a_rate_10pp + C(school_type) + C(region_sido) + C(campus_branch) + C(credit_forfeit_flag) + female_student_share_pct + international_student_share_pct + leave_rate_pct + student_faculty_ratio + fulltime_faculty_share_pct + log_enrolled_students + log_graduates
STRUCTURE,B_CORE_B_SCALE,P4_JOINT_STRUCTURE_READY,False,MED,HEALTH_EMPLOYMENT,health_employment_rate_prop,health_employment_rate_pct,RAW_A,a_rate_10pp,ols_cluster,-0.5456669552558211,1.0736963142625129,-2.650073061543746,1.5587391510321036,,,,,-0.5456669552558211,374,115,26,True,True,OK,school_type: rare_levels=2 | region_sido: rare_levels=2 | campus_branch: rare_levels=1,health_employment_rate_prop ~ a_rate_10pp + C(school_type) + C(region_sido) + C(campus_branch) + C(credit_forfeit_flag) + female_student_share_pct + international_student_share_pct + leave_rate_pct + student_faculty_ratio + fulltime_faculty_share_pct + log_enrolled_students + log_graduates
STRUCTURE,B_CORE_B_SCALE,P4_JOINT_STRUCTURE_READY,False,MED,GRAD_SCHOOL_PROGRESSION,graduate_school_progression_rate_prop,graduate_school_progression_rate_pct,RAW_A,a_rate_10pp,fractional_logit,0.006788023320777894,0.1507270330124354,-0.2886315328801753,0.30220757952173105,1.006811114168583,0.00010474705620348141,-0.0013522655176592777,0.013311888337594209,,374,115,26,True,True,OK,school_type: rare_levels=2 | region_sido: rare_levels=2 | campus_branch: rare_levels=1,graduate_school_progression_rate_prop ~ a_rate_10pp + C(school_type) + C(region_sido) + C(campus_branch) + C(credit_forfeit_flag) + female_student_share_pct + international_student_share_pct + leave_rate_pct + student_faculty_ratio + fulltime_faculty_share_pct + log_enrolled_students + log_graduates
STRUCTURE,B_CORE_B_SCALE,P4_JOINT_STRUCTURE_READY,False,MED,GRAD_SCHOOL_PROGRESSION,graduate_school_progression_rate_prop,graduate_school_progression_rate_pct,RAW_A,a_rate_10pp,ols_cluster,0.4035508249349311,0.46975884876055723,-0.5171596000547592,1.3242612499246214,,,,,0.4035508249349311,374,115,26,True,True,OK,school_type: rare_levels=2 | region_sido: rare_levels=2 | campus_branch: rare_levels=1,graduate_school_progression_rate_prop ~ a_rate_10pp + C(school_type) + C(region_sido) + C(campus_branch) + C(credit_forfeit_flag) + female_student_share_pct + international_student_share_pct + leave_rate_pct + student_faculty_ratio + fulltime_faculty_share_pct + log_enrolled_students + log_graduates
STRUCTURE,B_CORE_B_SCALE,P4_JOINT_STRUCTURE_READY,False,NAT,HEALTH_EMPLOYMENT,health_employment_rate_prop,health_employment_rate_pct,RAW_A,a_rate_10pp,fractional_logit,-0.011531274632645755,0.02930731535665392,-0.06897255721524509,0.04591000794995358,0.9885349556968668,-0.0028656976613101056,-0.01683124611294909,0.011173548507020601,,583,111,27,True,True,OK,school_type: rare_levels=2,health_employment_rate_prop ~ a_rate_10pp + C(school_type) + C(region_sido) + C(campus_branch) + C(credit_forfeit_flag) + female_student_share_pct + international_student_share_pct + leave_rate_pct + student_faculty_ratio + fulltime_faculty_share_pct + log_enrolled_students + log_graduates
STRUCTURE,B_CORE_B_SCALE,P4_JOINT_STRUCTURE_READY,False,NAT,HEALTH_EMPLOYMENT,health_employment_rate_prop,health_employment_rate_pct,RAW_A,a_rate_10pp,ols_cluster,-0.29283660408767553,0.7277752553595642,-1.7192498934318623,1.1335766852565112,,,,,-0.29283660408767553,583,111,27,True,True,OK,school_type: rare_levels=2,health_employment_rate_prop ~ a_rate_10pp + C(school_type) + C(region_sido) + C(campus_branch) + C(credit_forfeit_flag) + female_student_share_pct + international_student_share_pct + leave_rate_pct + student_faculty_ratio + fulltime_faculty_share_pct + log_enrolled_students + log_graduates
STRUCTURE,B_CORE_B_SCALE,P4_JOINT_STRUCTURE_READY,False,NAT,GRAD_SCHOOL_PROGRESSION,graduate_school_progression_rate_prop,graduate_school_progression_rate_pct,RAW_A,a_rate_10pp,fractional_logit,0.24767037528902702,0.05820844045688794,0.13358392839728245,0.3617568221807716,1.2810376009434803,0.04274911129569228,0.0169311266079702,0.07549644251263148,,583,111,27,True,True,OK,school_type: rare_levels=2,graduate_school_progression_rate_prop ~ a_rate_10pp + C(school_type) + C(region_sido) + C(campus_branch) + C(credit_forfeit_flag) + female_student_share_pct + international_student_share_pct + leave_rate_pct + student_faculty_ratio + fulltime_faculty_share_pct + log_enrolled_students + log_graduates
STRUCTURE,B_CORE_B_SCALE,P4_JOINT_STRUCTURE_READY,False,NAT,GRAD_SCHOOL_PROGRESSION,graduate_school_progression_rate_prop,graduate_school_progression_rate_pct,RAW_A,a_rate_10pp,ols_cluster,4.295856380875819,1.1194626824436482,2.1017498412496685,6.489962920501968,,,,,4.295856380875819,583,111,27,True,True,OK,school_type: rare_levels=2,graduate_school_progression_rate_prop ~ a_rate_10pp + C(school_type) + C(region_sido) + C(campus_branch) + C(credit_forfeit_flag) + female_student_share_pct + international_student_share_pct + leave_rate_pct + student_faculty_ratio + fulltime_faculty_share_pct + log_enrolled_students + log_graduates
STRUCTURE,B_CORE_B_SCALE,P4_JOINT_STRUCTURE_READY,False,SOC,HEALTH_EMPLOYMENT,health_employment_rate_prop,health_employment_rate_pct,RAW_A,a_rate_10pp,fractional_logit,0.021494271885106248,0.020889391835479564,-0.019448183771378753,0.06243672754159125,1.0217269377513303,0.005170183943987299,-0.004734908018028829,0.014591733416562504,,848,148,28,True,True,OK,school_type: rare_levels=2,health_employment_rate_prop ~ a_rate_10pp + C(school_type) + C(region_sido) + C(campus_branch) + C(credit_forfeit_flag) + female_student_share_pct + international_student_share_pct + leave_rate_pct + student_faculty_ratio + fulltime_faculty_share_pct + log_enrolled_students + log_graduates
STRUCTURE,B_CORE_B_SCALE,P4_JOINT_STRUCTURE_READY,False,SOC,HEALTH_EMPLOYMENT,health_employment_rate_prop,health_employment_rate_pct,RAW_A,a_rate_10pp,ols_cluster,0.5550595434971117,0.48801007182326467,-0.4014226213692921,1.5115417083635156,,,,,0.5550595434971117,848,148,28,True,True,OK,school_type: rare_levels=2,health_employment_rate_prop ~ a_rate_10pp + C(school_type) + C(region_sido) + C(campus_branch) + C(credit_forfeit_flag) + female_student_share_pct + international_student_share_pct + leave_rate_pct + student_faculty_ratio + fulltime_faculty_share_pct + log_enrolled_students + log_graduates
STRUCTURE,B_CORE_B_SCALE,P4_JOINT_STRUCTURE_READY,False,SOC,GRAD_SCHOOL_PROGRESSION,graduate_school_progression_rate_prop,graduate_school_progression_rate_pct,RAW_A,a_rate_10pp,fractional_logit,0.41768406496395855,0.05518210787230567,0.30952912094323526,0.5258390089846818,1.5184408699417393,0.013217215550125932,0.005935701404374877,0.026156083101331423,,848,148,28,True,True,OK,school_type: rare_levels=2,graduate_school_progression_rate_prop ~ a_rate_10pp + C(school_type) + C(region_sido) + C(campus_branch) + C(credit_forfeit_flag) + female_student_share_pct + international_student_share_pct + leave_rate_pct + student_faculty_ratio + fulltime_faculty_share_pct + log_enrolled_students + log_graduates
STRUCTURE,B_CORE_B_SCALE,P4_JOINT_STRUCTURE_READY,False,SOC,GRAD_SCHOOL_PROGRESSION,graduate_school_progression_rate_prop,graduate_school_progression_rate_pct,RAW_A,a_rate_10pp,ols_cluster,1.5078782187645567,0.37540144510073986,0.7721049066228163,2.2436515309062974,,,,,1.5078782187645567,848,148,28,True,True,OK,school_type: rare_levels=2,graduate_school_progression_rate_prop ~ a_rate_10pp + C(school_type) + C(region_sido) + C(campus_branch) + C(credit_forfeit_flag) + female_student_share_pct + international_student_share_pct + leave_rate_pct + student_faculty_ratio + fulltime_faculty_share_pct + log_enrolled_students + log_graduates
SELECTIVITY,B_CORE_B_SCALE_Q,P4_JOINT_SELECTIVITY_READY,True,ART,HEALTH_EMPLOYMENT,health_employment_rate_prop,health_employment_rate_pct,RAW_A,a_rate_10pp,fractional_logit,-0.048823572018517385,0.04538911491523039,-0.13778460254251873,0.04013745850548397,0.9523491359132863,-0.011802535180515859,-0.029789126622286062,0.00983706118147393,,162,59,20,True,True,OK,school_type: rare_levels=1 | region_sido: rare_levels=8 | campus_branch: rare_levels=1,health_employment_rate_prop ~ a_rate_10pp + C(school_type) + C(region_sido) + C(campus_branch) + C(credit_forfeit_flag) + female_student_share_pct + international_student_share_pct + leave_rate_pct + student_faculty_ratio + fulltime_faculty_share_pct + log_enrolled_students + log_graduates + selectivity_proxy_pct + competition_ratio
SELECTIVITY,B_CORE_B_SCALE_Q,P4_JOINT_SELECTIVITY_READY,True,ART,HEALTH_EMPLOYMENT,health_employment_rate_prop,health_employment_rate_pct,RAW_A,a_rate_10pp,ols_cluster,-1.1737018830945543,1.0853250063377666,-3.3008998070372826,0.9534960408481741,,,,,-1.1737018830945543,162,59,20,True,True,OK,school_type: rare_levels=1 | region_sido: rare_levels=8 | campus_branch: rare_levels=1,health_employment_rate_prop ~ a_rate_10pp + C(school_type) + C(region_sido) + C(campus_branch) + C(credit_forfeit_flag) + female_student_share_pct + international_student_share_pct + leave_rate_pct + student_faculty_ratio + fulltime_faculty_share_pct + log_enrolled_students + log_graduates + selectivity_proxy_pct + competition_ratio
SELECTIVITY,B_CORE_B_SCALE_Q,P4_JOINT_SELECTIVITY_READY,True,ART,GRAD_SCHOOL_PROGRESSION,graduate_school_progression_rate_prop,graduate_school_progression_rate_pct,RAW_A,a_rate_10pp,fractional_logit,-0.008036950834375167,0.0634139263843946,-0.13232596266606286,0.11625206099731253,0.9919952591073147,-0.0003915063829218875,-0.0036714261731566568,0.00915169334596895,,162,59,20,True,True,OK,school_type: rare_levels=1 | region_sido: rare_levels=8 | campus_branch: rare_levels=1,graduate_school_progression_rate_prop ~ a_rate_10pp + C(school_type) + C(region_sido) + C(campus_branch) + C(credit_forfeit_flag) + female_student_share_pct + international_student_share_pct + leave_rate_pct + student_faculty_ratio + fulltime_faculty_share_pct + log_enrolled_students + log_graduates + selectivity_proxy_pct + competition_ratio
SELECTIVITY,B_CORE_B_SCALE_Q,P4_JOINT_SELECTIVITY_READY,True,ART,GRAD_SCHOOL_PROGRESSION,graduate_school_progression_rate_prop,graduate_school_progression_rate_pct,RAW_A,a_rate_10pp,ols_cluster,0.19945501237775826,0.775219197352941,-1.3199466945580545,1.718856719313571,,,,,0.19945501237775826,162,59,20,True,True,OK,school_type: rare_levels=1 | region_sido: rare_levels=8 | campus_branch: rare_levels=1,graduate_school_progression_rate_prop ~ a_rate_10pp + C(school_type) + C(region_sido) + C(campus_branch) + C(credit_forfeit_flag) + female_student_share_pct + international_student_share_pct + leave_rate_pct + student_faculty_ratio + fulltime_faculty_share_pct + log_enrolled_students + log_graduates + selectivity_proxy_pct + competition_ratio
SELECTIVITY,B_CORE_B_SCALE_Q,P4_JOINT_SELECTIVITY_READY,True,EDU,HEALTH_EMPLOYMENT,health_employment_rate_prop,health_employment_rate_pct,RAW_A,a_rate_10pp,fractional_logit,0.0376865000264333,0.047561641621074194,-0.055532604596473356,0.13090560464933995,1.0384056417035263,0.008880068094780603,-0.01157453273204945,0.03123804224947576,,351,74,26,True,True,OK,school_type: rare_levels=1 | region_sido: rare_levels=2 | campus_branch: rare_levels=1,health_employment_rate_prop ~ a_rate_10pp + C(school_type) + C(region_sido) + C(campus_branch) + C(credit_forfeit_flag) + female_student_share_pct + international_student_share_pct + leave_rate_pct + student_faculty_ratio + fulltime_faculty_share_pct + log_enrolled_students + log_graduates + selectivity_proxy_pct + competition_ratio
SELECTIVITY,B_CORE_B_SCALE_Q,P4_JOINT_SELECTIVITY_READY,True,EDU,HEALTH_EMPLOYMENT,health_employment_rate_prop,health_employment_rate_pct,RAW_A,a_rate_10pp,ols_cluster,0.8656456290377094,1.1371218046138565,-1.3630721540406419,3.0943634121160604,,,,,0.8656456290377094,351,74,26,True,True,OK,school_type: rare_levels=1 | region_sido: rare_levels=2 | campus_branch: rare_levels=1,health_employment_rate_prop ~ a_rate_10pp + C(school_type) + C(region_sido) + C(campus_branch) + C(credit_forfeit_flag) + female_student_share_pct + international_student_share_pct + leave_rate_pct + student_faculty_ratio + fulltime_faculty_share_pct + log_enrolled_students + log_graduates + selectivity_proxy_pct + competition_ratio
SELECTIVITY,B_CORE_B_SCALE_Q,P4_JOINT_SELECTIVITY_READY,True,EDU,GRAD_SCHOOL_PROGRESSION,graduate_school_progression_rate_prop,graduate_school_progression_rate_pct,RAW_A,a_rate_10pp,fractional_logit,0.12032064995965303,0.08287540336722213,-0.04211215584433187,0.2827534557636379,1.127858441368121,0.004258530091298723,-0.00063946136439801,0.019358449401193252,,351,74,26,True,True,OK,school_type: rare_levels=1 | region_sido: rare_levels=2 | campus_branch: rare_levels=1,graduate_school_progression_rate_prop ~ a_rate_10pp + C(school_type) + C(region_sido) + C(campus_branch) + C(credit_forfeit_flag) + female_student_share_pct + international_student_share_pct + leave_rate_pct + student_faculty_ratio + fulltime_faculty_share_pct + log_enrolled_students + log_graduates + selectivity_proxy_pct + competition_ratio
SELECTIVITY,B_CORE_B_SCALE_Q,P4_JOINT_SELECTIVITY_READY,True,EDU,GRAD_SCHOOL_PROGRESSION,graduate_school_progression_rate_prop,graduate_school_progression_rate_pct,RAW_A,a_rate_10pp,ols_cluster,1.036053136493865,0.3375521387427865,0.374463101653536,1.697643171334194,,,,,1.036053136493865,351,74,26,True,True,OK,school_type: rare_levels=1 | region_sido: rare_levels=2 | campus_branch: rare_levels=1,graduate_school_progression_rate_prop ~ a_rate_10pp + C(school_type) + C(region_sido) + C(campus_branch) + C(credit_forfeit_flag) + female_student_share_pct + international_student_share_pct + leave_rate_pct + student_faculty_ratio + fulltime_faculty_share_pct + log_enrolled_students + log_graduates + selectivity_proxy_pct + competition_ratio
SELECTIVITY,B_CORE_B_SCALE_Q,P4_JOINT_SELECTIVITY_READY,True,ENG,HEALTH_EMPLOYMENT,health_employment_rate_prop,health_employment_rate_pct,RAW_A,a_rate_10pp,fractional_logit,0.043665049239622895,0.03246456083521615,-0.019964320771310336,0.10729441925055613,1.0446323958668853,0.010215998817484131,-0.004880799878440077,0.02310492505828097,,491,86,26,True,True,OK,school_type: rare_levels=1 | region_sido: rare_levels=3,health_employment_rate_prop ~ a_rate_10pp + C(school_type) + C(region_sido) + C(campus_branch) + C(credit_forfeit_flag) + female_student_share_pct + international_student_share_pct + leave_rate_pct + student_faculty_ratio + fulltime_faculty_share_pct + log_enrolled_students + log_graduates + selectivity_proxy_pct + competition_ratio
SELECTIVITY,B_CORE_B_SCALE_Q,P4_JOINT_SELECTIVITY_READY,True,ENG,HEALTH_EMPLOYMENT,health_employment_rate_prop,health_employment_rate_pct,RAW_A,a_rate_10pp,ols_cluster,1.0461742157069773,0.7391635741558521,-0.40255976832239426,2.494908199736349,,,,,1.0461742157069773,491,86,26,True,True,OK,school_type: rare_levels=1 | region_sido: rare_levels=3,health_employment_rate_prop ~ a_rate_10pp + C(school_type) + C(region_sido) + C(campus_branch) + C(credit_forfeit_flag) + female_student_share_pct + international_student_share_pct + leave_rate_pct + student_faculty_ratio + fulltime_faculty_share_pct + log_enrolled_students + log_graduates + selectivity_proxy_pct + competition_ratio
SELECTIVITY,B_CORE_B_SCALE_Q,P4_JOINT_SELECTIVITY_READY,True,ENG,GRAD_SCHOOL_PROGRESSION,graduate_school_progression_rate_prop,graduate_school_progression_rate_pct,RAW_A,a_rate_10pp,fractional_logit,0.16079592972465986,0.06649201769607174,0.030473969780959315,0.2911178896683604,1.1744452749868723,0.019991575942261818,0.0024743570295588063,0.0492627164000853,,491,86,26,True,True,OK,school_type: rare_levels=1 | region_sido: rare_levels=3,graduate_school_progression_rate_prop ~ a_rate_10pp + C(school_type) + C(region_sido) + C(campus_branch) + C(credit_forfeit_flag) + female_student_share_pct + international_student_share_pct + leave_rate_pct + student_faculty_ratio + fulltime_faculty_share_pct + log_enrolled_students + log_graduates + selectivity_proxy_pct + competition_ratio
SELECTIVITY,B_CORE_B_SCALE_Q,P4_JOINT_SELECTIVITY_READY,True,ENG,GRAD_SCHOOL_PROGRESSION,graduate_school_progression_rate_prop,graduate_school_progression_rate_pct,RAW_A,a_rate_10pp,ols_cluster,2.5811963476713693,0.8604794028006383,0.894687708743584,4.2677049865991545,,,,,2.5811963476713693,491,86,26,True,True,OK,school_type: rare_levels=1 | region_sido: rare_levels=3,graduate_school_progression_rate_prop ~ a_rate_10pp + C(school_type) + C(region_sido) + C(campus_branch) + C(credit_forfeit_flag) + female_student_share_pct + international_student_share_pct + leave_rate_pct + student_faculty_ratio + fulltime_faculty_share_pct + log_enrolled_students + log_graduates + selectivity_proxy_pct + competition_ratio
SELECTIVITY,B_CORE_B_SCALE_Q,P4_JOINT_SELECTIVITY_READY,True,HUM,HEALTH_EMPLOYMENT,health_employment_rate_prop,health_employment_rate_pct,RAW_A,a_rate_10pp,fractional_logit,0.10079808011704298,0.03428161399001171,0.033607351364715585,0.1679888088693704,1.1060532850642388,0.024782994986794465,0.008010477035486215,0.040341291680735906,,297,67,25,True,True,OK,region_sido: rare_levels=2,health_employment_rate_prop ~ a_rate_10pp + C(region_sido) + C(campus_branch) + C(credit_forfeit_flag) + female_student_share_pct + international_student_share_pct + leave_rate_pct + student_faculty_ratio + fulltime_faculty_share_pct + log_enrolled_students + log_graduates + selectivity_proxy_pct + competition_ratio
SELECTIVITY,B_CORE_B_SCALE_Q,P4_JOINT_SELECTIVITY_READY,True,HUM,HEALTH_EMPLOYMENT,health_employment_rate_prop,health_employment_rate_pct,RAW_A,a_rate_10pp,ols_cluster,2.4821842298451857,0.8378242192078212,0.8400789348224647,4.124289524867907,,,,,2.4821842298451857,297,67,25,True,True,OK,region_sido: rare_levels=2,health_employment_rate_prop ~ a_rate_10pp + C(region_sido) + C(campus_branch) + C(credit_forfeit_flag) + female_student_share_pct + international_student_share_pct + leave_rate_pct + student_faculty_ratio + fulltime_faculty_share_pct + log_enrolled_students + log_graduates + selectivity_proxy_pct + competition_ratio
SELECTIVITY,B_CORE_B_SCALE_Q,P4_JOINT_SELECTIVITY_READY,True,HUM,GRAD_SCHOOL_PROGRESSION,graduate_school_progression_rate_prop,graduate_school_progression_rate_pct,RAW_A,a_rate_10pp,fractional_logit,0.08856569132296063,0.0808168007462044,-0.06983232748534976,0.24696371013127102,1.0926060249882985,0.005279708007455756,-0.002056533448484476,0.026630601323158174,,297,67,25,True,True,OK,region_sido: rare_levels=2,graduate_school_progression_rate_prop ~ a_rate_10pp + C(region_sido) + C(campus_branch) + C(credit_forfeit_flag) + female_student_share_pct + international_student_share_pct + leave_rate_pct + student_faculty_ratio + fulltime_faculty_share_pct + log_enrolled_students + log_graduates + selectivity_proxy_pct + competition_ratio
SELECTIVITY,B_CORE_B_SCALE_Q,P4_JOINT_SELECTIVITY_READY,True,HUM,GRAD_SCHOOL_PROGRESSION,graduate_school_progression_rate_prop,graduate_school_progression_rate_pct,RAW_A,a_rate_10pp,ols_cluster,0.9315714156100026,0.45047240037561725,0.048661734844485216,1.8144810963755198,,,,,0.9315714156100026,297,67,25,True,True,OK,region_sido: rare_levels=2,graduate_school_progression_rate_prop ~ a_rate_10pp + C(region_sido) + C(campus_branch) + C(credit_forfeit_flag) + female_student_share_pct + international_student_share_pct + leave_rate_pct + student_faculty_ratio + fulltime_faculty_share_pct + log_enrolled_students + log_graduates + selectivity_proxy_pct + competition_ratio
SELECTIVITY,B_CORE_B_SCALE_Q,P4_JOINT_SELECTIVITY_READY,True,MED,HEALTH_EMPLOYMENT,health_employment_rate_prop,health_employment_rate_pct,RAW_A,a_rate_10pp,fractional_logit,-0.05465667969473272,0.04954552749570662,-0.15176412918135668,0.042450769791891226,0.9468101513103437,-0.010365567187764522,-0.03387644403341828,0.006317734242793926,,201,85,23,True,True,OK,school_type: rare_levels=1 | region_sido: rare_levels=6 | campus_branch: rare_levels=1,health_employment_rate_prop ~ a_rate_10pp + C(school_type) + C(region_sido) + C(campus_branch) + C(credit_forfeit_flag) + female_student_share_pct + international_student_share_pct + leave_rate_pct + student_faculty_ratio + fulltime_faculty_share_pct + log_enrolled_students + log_graduates + selectivity_proxy_pct + competition_ratio
SELECTIVITY,B_CORE_B_SCALE_Q,P4_JOINT_SELECTIVITY_READY,True,MED,HEALTH_EMPLOYMENT,health_employment_rate_prop,health_employment_rate_pct,RAW_A,a_rate_10pp,ols_cluster,-0.9352578016001182,0.9662461506715366,-2.8290654571167924,0.9585498539165561,,,,,-0.9352578016001182,201,85,23,True,True,OK,school_type: rare_levels=1 | region_sido: rare_levels=6 | campus_branch: rare_levels=1,health_employment_rate_prop ~ a_rate_10pp + C(school_type) + C(region_sido) + C(campus_branch) + C(credit_forfeit_flag) + female_student_share_pct + international_student_share_pct + leave_rate_pct + student_faculty_ratio + fulltime_faculty_share_pct + log_enrolled_students + log_graduates + selectivity_proxy_pct + competition_ratio
SELECTIVITY,B_CORE_B_SCALE_Q,P4_JOINT_SELECTIVITY_READY,True,MED,GRAD_SCHOOL_PROGRESSION,graduate_school_progression_rate_prop,graduate_school_progression_rate_pct,RAW_A,a_rate_10pp,fractional_logit,-0.5625195904986694,0.22903358176907396,-1.0114171620162637,-0.11362201898107493,0.5697716625105904,-0.007038521608129515,-0.006848011465455882,-0.0020893321619285836,,201,85,23,True,True,OK,school_type: rare_levels=1 | region_sido: rare_levels=6 | campus_branch: rare_levels=1,graduate_school_progression_rate_prop ~ a_rate_10pp + C(school_type) + C(region_sido) + C(campus_branch) + C(credit_forfeit_flag) + female_student_share_pct + international_student_share_pct + leave_rate_pct + student_faculty_ratio + fulltime_faculty_share_pct + log_enrolled_students + log_graduates + selectivity_proxy_pct + competition_ratio
SELECTIVITY,B_CORE_B_SCALE_Q,P4_JOINT_SELECTIVITY_READY,True,MED,GRAD_SCHOOL_PROGRESSION,graduate_school_progression_rate_prop,graduate_school_progression_rate_pct,RAW_A,a_rate_10pp,ols_cluster,-0.5555928385477509,0.32561402583082627,-1.1937846020372653,0.08259892494176346,,,,,-0.5555928385477509,201,85,23,True,True,OK,school_type: rare_levels=1 | region_sido: rare_levels=6 | campus_branch: rare_levels=1,graduate_school_progression_rate_prop ~ a_rate_10pp + C(school_type) + C(region_sido) + C(campus_branch) + C(credit_forfeit_flag) + female_student_share_pct + international_student_share_pct + leave_rate_pct + student_faculty_ratio + fulltime_faculty_share_pct + log_enrolled_students + log_graduates + selectivity_proxy_pct + competition_ratio
SELECTIVITY,B_CORE_B_SCALE_Q,P4_JOINT_SELECTIVITY_READY,True,NAT,HEALTH_EMPLOYMENT,health_employment_rate_prop,health_employment_rate_pct,RAW_A,a_rate_10pp,fractional_logit,0.01335490689474676,0.037841561727424144,-0.06081319120975387,0.0875230049992474,1.0134444819752773,0.0033244829136689137,-0.01473308012837436,0.02104079367923826,,369,69,26,True,True,OK,school_type: rare_levels=1 | region_sido: rare_levels=3 | campus_branch: rare_levels=1,health_employment_rate_prop ~ a_rate_10pp + C(school_type) + C(region_sido) + C(campus_branch) + C(credit_forfeit_flag) + female_student_share_pct + international_student_share_pct + leave_rate_pct + student_faculty_ratio + fulltime_faculty_share_pct + log_enrolled_students + log_graduates + selectivity_proxy_pct + competition_ratio
SELECTIVITY,B_CORE_B_SCALE_Q,P4_JOINT_SELECTIVITY_READY,True,NAT,HEALTH_EMPLOYMENT,health_employment_rate_prop,health_employment_rate_pct,RAW_A,a_rate_10pp,ols_cluster,0.3276546738909352,0.9403217490243391,-1.5153420880764812,2.1706514358583515,,,,,0.3276546738909352,369,69,26,True,True,OK,school_type: rare_levels=1 | region_sido: rare_levels=3 | campus_branch: rare_levels=1,health_employment_rate_prop ~ a_rate_10pp + C(school_type) + C(region_sido) + C(campus_branch) + C(credit_forfeit_flag) + female_student_share_pct + international_student_share_pct + leave_rate_pct + student_faculty_ratio + fulltime_faculty_share_pct + log_enrolled_students + log_graduates + selectivity_proxy_pct + competition_ratio
SELECTIVITY,B_CORE_B_SCALE_Q,P4_JOINT_SELECTIVITY_READY,True,NAT,GRAD_SCHOOL_PROGRESSION,graduate_school_progression_rate_prop,graduate_school_progression_rate_pct,RAW_A,a_rate_10pp,fractional_logit,0.10991337883636029,0.07273601349453634,-0.032646587991950304,0.2524733456646709,1.1161813813411852,0.018579229646925172,-0.0037155697043445056,0.053799369368861864,,369,69,26,True,True,OK,school_type: rare_levels=1 | region_sido: rare_levels=3 | campus_branch: rare_levels=1,graduate_school_progression_rate_prop ~ a_rate_10pp + C(school_type) + C(region_sido) + C(campus_branch) + C(credit_forfeit_flag) + female_student_share_pct + international_student_share_pct + leave_rate_pct + student_faculty_ratio + fulltime_faculty_share_pct + log_enrolled_students + log_graduates + selectivity_proxy_pct + competition_ratio
SELECTIVITY,B_CORE_B_SCALE_Q,P4_JOINT_SELECTIVITY_READY,True,NAT,GRAD_SCHOOL_PROGRESSION,graduate_school_progression_rate_prop,graduate_school_progression_rate_pct,RAW_A,a_rate_10pp,ols_cluster,2.2389687817784742,1.110004641304591,0.06339966214917458,4.414537901407774,,,,,2.2389687817784742,369,69,26,True,True,OK,school_type: rare_levels=1 | region_sido: rare_levels=3 | campus_branch: rare_levels=1,graduate_school_progression_rate_prop ~ a_rate_10pp + C(school_type) + C(region_sido) + C(campus_branch) + C(credit_forfeit_flag) + female_student_share_pct + international_student_share_pct + leave_rate_pct + student_faculty_ratio + fulltime_faculty_share_pct + log_enrolled_students + log_graduates + selectivity_proxy_pct + competition_ratio
SELECTIVITY,B_CORE_B_SCALE_Q,P4_JOINT_SELECTIVITY_READY,True,SOC,HEALTH_EMPLOYMENT,health_employment_rate_prop,health_employment_rate_pct,RAW_A,a_rate_10pp,fractional_logit,0.04235069692921266,0.02471495251278241,-0.006089719875458574,0.09079111373388389,1.04326028278138,0.010288385977538709,-0.0014948808907026072,0.02133657731026497,,441,93,27,True,True,OK,school_type: rare_levels=1 | region_sido: rare_levels=2 | campus_branch: rare_levels=1,health_employment_rate_prop ~ a_rate_10pp + C(school_type) + C(region_sido) + C(campus_branch) + C(credit_forfeit_flag) + female_student_share_pct + international_student_share_pct + leave_rate_pct + student_faculty_ratio + fulltime_faculty_share_pct + log_enrolled_students + log_graduates + selectivity_proxy_pct + competition_ratio
SELECTIVITY,B_CORE_B_SCALE_Q,P4_JOINT_SELECTIVITY_READY,True,SOC,HEALTH_EMPLOYMENT,health_employment_rate_prop,health_employment_rate_pct,RAW_A,a_rate_10pp,ols_cluster,1.015920698916861,0.5994237964905093,-0.15892835368080394,2.1907697515145257,,,,,1.015920698916861,441,93,27,True,True,OK,school_type: rare_levels=1 | region_sido: rare_levels=2 | campus_branch: rare_levels=1,health_employment_rate_prop ~ a_rate_10pp + C(school_type) + C(region_sido) + C(campus_branch) + C(credit_forfeit_flag) + female_student_share_pct + international_student_share_pct + leave_rate_pct + student_faculty_ratio + fulltime_faculty_share_pct + log_enrolled_students + log_graduates + selectivity_proxy_pct + competition_ratio
SELECTIVITY,B_CORE_B_SCALE_Q,P4_JOINT_SELECTIVITY_READY,True,SOC,GRAD_SCHOOL_PROGRESSION,graduate_school_progression_rate_prop,graduate_school_progression_rate_pct,RAW_A,a_rate_10pp,fractional_logit,0.374635516866227,0.07140198665851462,0.23469019459092888,0.5145808391415251,1.4544611914223644,0.013028438338219615,0.004349832762932434,0.030344135665146772,,441,93,27,True,True,OK,school_type: rare_levels=1 | region_sido: rare_levels=2 | campus_branch: rare_levels=1,graduate_school_progression_rate_prop ~ a_rate_10pp + C(school_type) + C(region_sido) + C(campus_branch) + C(credit_forfeit_flag) + female_student_share_pct + international_student_share_pct + leave_rate_pct + student_faculty_ratio + fulltime_faculty_share_pct + log_enrolled_students + log_graduates + selectivity_proxy_pct + competition_ratio
SELECTIVITY,B_CORE_B_SCALE_Q,P4_JOINT_SELECTIVITY_READY,True,SOC,GRAD_SCHOOL_PROGRESSION,graduate_school_progression_rate_prop,graduate_school_progression_rate_pct,RAW_A,a_rate_10pp,ols_cluster,2.1970161054741526,0.5320052705273276,1.1543049356551023,3.2397272752932027,,,,,2.1970161054741526,441,93,27,True,True,OK,school_type: rare_levels=1 | region_sido: rare_levels=2 | campus_branch: rare_levels=1,graduate_school_progression_rate_prop ~ a_rate_10pp + C(school_type) + C(region_sido) + C(campus_branch) + C(credit_forfeit_flag) + female_student_share_pct + international_student_share_pct + leave_rate_pct + student_faculty_ratio + fulltime_faculty_share_pct + log_enrolled_students + log_graduates + selectivity_proxy_pct + competition_ratio
