raw_dept_name,alias_key_strict,alias_key_loose,dept_canonical_id,dept_name_canonical,strict_canonical_n,loose_canonical_n,alias_collision_flag,loose_collision_flag,auto_match_allowed
A.I.,a.i.,ai,DEP_004038,A.I.,1,2,False,True,True
A.I.전공,a.i.전공,ai,DEP_004038,A.I.,1,2,False,True,True
AI,ai,ai,DEP_000425,AI,1,2,False,True,True
AI학과,ai학과,ai,DEP_000425,AI,1,2,False,True,True
AI학부,ai학부,ai,DEP_000425,AI,1,2,False,True,True
AI학부(AI소프트웨어전공),ai학부(ai소프트웨어전공),ai,DEP_000425,AI,1,2,False,True,True
AI학부(AI엔터테인먼트전공),ai학부(ai엔터테인먼트전공),ai,DEP_000425,AI,1,2,False,True,True
AI・빅데이터,ai·빅데이터,ai빅데이터,DEP_000690,AI・빅데이터,1,2,False,True,True
AI・빅데이터학과,ai·빅데이터학과,ai빅데이터,DEP_000690,AI・빅데이터,1,2,False,True,True
AI빅데이터,ai빅데이터,ai빅데이터,DEP_002507,AI빅데이터,1,2,False,True,True
AI빅데이터전공,ai빅데이터전공,ai빅데이터,DEP_002507,AI빅데이터,1,2,False,True,True
AI・소프트웨어,ai·소프트웨어,ai소프트웨어,DEP_001106,AI・소프트웨어,1,2,False,True,True
AI・소프트웨어학부(소프트웨어전공),ai·소프트웨어학부(소프트웨어전공),ai소프트웨어,DEP_001106,AI・소프트웨어,1,2,False,True,True
AI・소프트웨어학부(인공지능전공),ai·소프트웨어학부(인공지능전공),ai소프트웨어,DEP_001106,AI・소프트웨어,1,2,False,True,True
AI소프트웨어,ai소프트웨어,ai소프트웨어,DEP_000181,AI소프트웨어,1,2,False,True,True
AI소프트웨어학과,ai소프트웨어학과,ai소프트웨어,DEP_000181,AI소프트웨어,1,2,False,True,True
AI소프트웨어학부,ai소프트웨어학부,ai소프트웨어,DEP_000181,AI소프트웨어,1,2,False,True,True
AI소프트웨어학부(인공지능공학전공),ai소프트웨어학부(인공지능공학전공),ai소프트웨어,DEP_000181,AI소프트웨어,1,2,False,True,True
AI소프트웨어학부(정보보안전공),ai소프트웨어학부(정보보안전공),ai소프트웨어,DEP_000181,AI소프트웨어,1,2,False,True,True
AI소프트웨어학부(정보통신공학전공),ai소프트웨어학부(정보통신공학전공),ai소프트웨어,DEP_000181,AI소프트웨어,1,2,False,True,True
AI소프트웨어학부(컴퓨터공학전공),ai소프트웨어학부(컴퓨터공학전공),ai소프트웨어,DEP_000181,AI소프트웨어,1,2,False,True,True
AI・컴퓨터공,ai·컴퓨터공,ai컴퓨터공,DEP_003294,AI・컴퓨터공,1,2,False,True,True
AI・컴퓨터공학과,ai·컴퓨터공학과,ai컴퓨터공,DEP_003294,AI・컴퓨터공,1,2,False,True,True
AI컴퓨터공,ai컴퓨터공,ai컴퓨터공,DEP_002184,AI컴퓨터공,1,2,False,True,True
AI컴퓨터공학과,ai컴퓨터공학과,ai컴퓨터공,DEP_002184,AI컴퓨터공,1,2,False,True,True
e-비즈니스,e-비즈니스,e비즈니스,DEP_003885,e-비즈니스,1,2,False,True,True
e-비즈니스학과,e-비즈니스학과,e비즈니스,DEP_003885,e-비즈니스,1,2,False,True,True
e비즈니스,e비즈니스,e비즈니스,DEP_003715,e비즈니스,1,2,False,True,True
e비즈니스학과,e비즈니스학과,e비즈니스,DEP_003715,e비즈니스,1,2,False,True,True
IT,it,it,DEP_001050,IT,1,2,False,True,True
IT전공,it전공,it,DEP_001050,IT,1,2,False,True,True
IT계열,it계열,it,DEP_004323,IT계열,1,2,False,True,True
K-Culture,k-culture,kculture,DEP_003491,K-Culture,2,2,True,True,False
K-Culture학과,k-culture학과,kculture,DEP_003491,K-Culture,2,2,True,True,False
K-culture,k-culture,kculture,DEP_001988,K-culture,2,2,True,True,False
K-culture학과,k-culture학과,kculture,DEP_001988,K-culture,2,2,True,True,False
K-뷰티,k-뷰티,k뷰티,DEP_002916,K-뷰티,1,2,False,True,True
K-뷰티학과,k-뷰티학과,k뷰티,DEP_002916,K-뷰티,1,2,False,True,True
K뷰티,k뷰티,k뷰티,DEP_002279,K뷰티,1,2,False,True,True
K뷰티학부,k뷰티학부,k뷰티,DEP_002279,K뷰티,1,2,False,True,True
건축,건축,건축,DEP_000009,건축,1,2,False,True,True
건축학과,건축학과,건축,DEP_000009,건축,1,2,False,True,True
건축학과(4),건축학과(4),건축,DEP_000009,건축,1,2,False,True,True
건축학과(4년제),건축학과(4년제),건축,DEP_000009,건축,1,2,False,True,True
건축학과(5),건축학과(5),건축,DEP_000009,건축,1,2,False,True,True
건축학과(5년),건축학과(5년),건축,DEP_000009,건축,1,2,False,True,True
건축학과(5년제),건축학과(5년제),건축,DEP_000009,건축,1,2,False,True,True
건축학과(건축공학전공),건축학과(건축공학전공),건축,DEP_000009,건축,1,2,False,True,True
건축학부,건축학부,건축,DEP_000009,건축,1,2,False,True,True
건축),건축),건축,DEP_002256,건축),1,2,False,True,True
건축학과(건축학전공(5년)),건축학과(건축학전공(5년)),건축,DEP_002256,건축),1,2,False,True,True
건축・인테리어디자인,건축·인테리어디자인,건축인테리어디자인,DEP_002503,건축・인테리어디자인,1,2,False,True,True
건축・인테리어디자인학과,건축·인테리어디자인학과,건축인테리어디자인,DEP_002503,건축・인테리어디자인,1,2,False,True,True
건축인테리어디자인,건축인테리어디자인,건축인테리어디자인,DEP_003764,건축인테리어디자인,1,2,False,True,True
건축인테리어디자인학과,건축인테리어디자인학과,건축인테리어디자인,DEP_003764,건축인테리어디자인,1,2,False,True,True
건축·토목공,건축·토목공,건축토목공,DEP_004572,건축·토목공,2,3,True,True,False
건축·토목공학과,건축·토목공학과,건축토목공,DEP_004572,건축·토목공,1,3,False,True,True
건축・토목공,건축·토목공,건축토목공,DEP_004039,건축・토목공,2,3,True,True,False
건축・토목공학과(건축공학심화트랙),건축·토목공학과(건축공학심화트랙),건축토목공,DEP_004039,건축・토목공,1,3,False,True,True
건축・토목공학과(토목공학트랙),건축·토목공학과(토목공학트랙),건축토목공,DEP_004039,건축・토목공,1,3,False,True,True
건축토목공,건축토목공,건축토목공,DEP_000507,건축토목공,1,3,False,True,True
건축토목공학과,건축토목공학과,건축토목공,DEP_000507,건축토목공,1,3,False,True,True
건축토목공학부,건축토목공학부,건축토목공,DEP_000507,건축토목공,1,3,False,True,True
건축·토목·환경공,건축·토목·환경공,건축토목환경공,DEP_004220,건축·토목·환경공,1,2,False,True,True
건축·토목·환경공학부,건축·토목·환경공학부,건축토목환경공,DEP_004220,건축·토목·환경공,1,2,False,True,True
건축토목환경공,건축토목환경공,건축토목환경공,DEP_004269,건축토목환경공,1,2,False,True,True
건축토목환경공학부,건축토목환경공학부,건축토목환경공,DEP_004269,건축토목환경공,1,2,False,True,True
경상,경상,경상,DEP_001149,경상,1,2,False,True,True
경상학부,경상학부,경상,DEP_001149,경상,1,2,False,True,True
경상계열,경상계열,경상,DEP_004367,경상계열,1,2,False,True,True
경영,경영,경영,DEP_000001,경영,1,3,False,True,True
경영전공,경영전공,경영,DEP_000001,경영,1,3,False,True,True
경영학과,경영학과,경영,DEP_000001,경영,1,3,False,True,True
경영학과(경영학전공),경영학과(경영학전공),경영,DEP_000001,경영,1,3,False,True,True
경영학과(글로벌테크노경영전공),경영학과(글로벌테크노경영전공),경영,DEP_000001,경영,1,3,False,True,True
경영학부,경영학부,경영,DEP_000001,경영,1,3,False,True,True
경영학부 (IT경영전공),경영학부(it경영전공),경영,DEP_000001,경영,1,3,False,True,True
경영학부(경영전공),경영학부(경영전공),경영,DEP_000001,경영,1,3,False,True,True
경영계열,경영계열,경영,DEP_001086,경영계열,1,3,False,True,True
경영대학,경영대학,경영,DEP_004368,경영대학,1,3,False,True,True
경영·회계,경영·회계,경영회계,DEP_004606,경영·회계,1,2,False,True,True
경영·회계학부,경영·회계학부,경영회계,DEP_004606,경영·회계,1,2,False,True,True
경영회계,경영회계,경영회계,DEP_001074,경영회계,1,2,False,True,True
경영회계학과,경영회계학과,경영회계,DEP_001074,경영회계,1,2,False,True,True
경영회계학부,경영회계학부,경영회계,DEP_001074,경영회계,1,2,False,True,True
경찰・소방,경찰·소방,경찰소방,DEP_001879,경찰・소방,1,2,False,True,True
경찰・소방학과,경찰·소방학과,경찰소방,DEP_001879,경찰・소방,1,2,False,True,True
경찰소방,경찰소방,경찰소방,DEP_000623,경찰소방,1,2,False,True,True
경찰소방전공,경찰소방전공,경찰소방,DEP_000623,경찰소방,1,2,False,True,True
경찰소방학과,경찰소방학과,경찰소방,DEP_000623,경찰소방,1,2,False,True,True
경찰소방학부(경찰행정전공),경찰소방학부(경찰행정전공),경찰소방,DEP_000623,경찰소방,1,2,False,True,True
경찰소방학부(소방학전공),경찰소방학부(소방학전공),경찰소방,DEP_000623,경찰소방,1,2,False,True,True
경찰・행정,경찰·행정,경찰행정,DEP_000895,경찰・행정,1,2,False,True,True
경찰・행정학과,경찰·행정학과,경찰행정,DEP_000895,경찰・행정,1,2,False,True,True
경찰・행정학부,경찰·행정학부,경찰행정,DEP_000895,경찰・행정,1,2,False,True,True
경찰행정,경찰행정,경찰행정,DEP_000022,경찰행정,1,2,False,True,True
경찰행정전공,경찰행정전공,경찰행정,DEP_000022,경찰행정,1,2,False,True,True
경찰행정학과,경찰행정학과,경찰행정,DEP_000022,경찰행정,1,2,False,True,True
경찰행정학부,경찰행정학부,경찰행정,DEP_000022,경찰행정,1,2,False,True,True
경찰행정학부(해양경찰전공),경찰행정학부(해양경찰전공),경찰행정,DEP_000022,경찰행정,1,2,False,True,True
과학기술,과학기술,과학기술,DEP_001080,과학기술,1,2,False,True,True
과학기술학부,과학기술학부,과학기술,DEP_001080,과학기술,1,2,False,True,True
과학기술학부(지구환경과학전공),과학기술학부(지구환경과학전공),과학기술,DEP_001080,과학기술,1,2,False,True,True
과학기술대학,과학기술대학,과학기술,DEP_003798,과학기술대학,1,2,False,True,True
관・현악,관·현악,관현악,DEP_001903,관・현악,1,2,False,True,True
관・현악전공,관·현악전공,관현악,DEP_001903,관・현악,1,2,False,True,True
관현악,관현악,관현악,DEP_000333,관현악,1,2,False,True,True
관현악전공,관현악전공,관현악,DEP_000333,관현악,1,2,False,True,True
국제통상·금융투자,국제통상·금융투자,국제통상금융투자,DEP_003899,국제통상·금융투자,2,2,True,True,False
국제통상·금융투자학과,국제통상·금융투자학과,국제통상금융투자,DEP_003899,국제통상·금융투자,1,2,False,True,True
국제통상・금융투자,국제통상·금융투자,국제통상금융투자,DEP_001240,국제통상・금융투자,2,2,True,True,False
국제통상・금융투자학부,국제통상·금융투자학부,국제통상금융투자,DEP_001240,국제통상・금융투자,1,2,False,True,True
글로벌융합,글로벌융합,글로벌융합,DEP_000651,글로벌융합,1,2,False,True,True
글로벌융합학부,글로벌융합학부,글로벌융합,DEP_000651,글로벌융합,1,2,False,True,True
글로벌융합대학,글로벌융합대학,글로벌융합,DEP_003175,글로벌융합대학,1,2,False,True,True
금융・세무,금융·세무,금융세무,DEP_003287,금융・세무,1,2,False,True,True
금융・세무학과,금융·세무학과,금융세무,DEP_003287,금융・세무,1,2,False,True,True
금융세무,금융세무,금융세무,DEP_002536,금융세무,1,2,False,True,True
금융세무학부,금융세무학부,금융세무,DEP_002536,금융세무,1,2,False,True,True
기계・로봇공,기계·로봇공,기계로봇공,DEP_003804,기계・로봇공,1,2,False,True,True
기계・로봇공학과,기계·로봇공학과,기계로봇공,DEP_003804,기계・로봇공,1,2,False,True,True
기계로봇공,기계로봇공,기계로봇공,DEP_000622,기계로봇공,1,2,False,True,True
기계로봇공학과,기계로봇공학과,기계로봇공,DEP_000622,기계로봇공,1,2,False,True,True
기계로봇공학부,기계로봇공학부,기계로봇공,DEP_000622,기계로봇공,1,2,False,True,True
기계ㆍ시스템디자인공,기계ᆞ시스템디자인공,기계시스템디자인공,DEP_001178,기계ㆍ시스템디자인공,1,2,False,True,True
기계ㆍ시스템디자인공학과,기계ᆞ시스템디자인공학과,기계시스템디자인공,DEP_001178,기계ㆍ시스템디자인공,1,2,False,True,True
기계시스템디자인공,기계시스템디자인공,기계시스템디자인공,DEP_001129,기계시스템디자인공,1,2,False,True,True
기계시스템디자인공학과,기계시스템디자인공학과,기계시스템디자인공,DEP_001129,기계시스템디자인공,1,2,False,True,True
기계・자동차공,기계·자동차공,기계자동차공,DEP_000674,기계・자동차공,1,2,False,True,True
기계・자동차공학과,기계·자동차공학과,기계자동차공,DEP_000674,기계・자동차공,1,2,False,True,True
기계자동차공,기계자동차공,기계자동차공,DEP_000153,기계자동차공,1,2,False,True,True
기계자동차공학과,기계자동차공학과,기계자동차공,DEP_000153,기계자동차공,1,2,False,True,True
기계자동차공학부,기계자동차공학부,기계자동차공,DEP_000153,기계자동차공,1,2,False,True,True
기계자동차공학부(계약),기계자동차공학부(계약),기계자동차공,DEP_000153,기계자동차공,1,2,False,True,True
기계자동차공학부(기계공학전공),기계자동차공학부(기계공학전공),기계자동차공,DEP_000153,기계자동차공,1,2,False,True,True
기계자동차공학부(미래자동차공학전공),기계자동차공학부(미래자동차공학전공),기계자동차공,DEP_000153,기계자동차공,1,2,False,True,True
기독교교육•상담,기독교교육•상담,기독교교육상담,DEP_003837,기독교교육•상담,1,2,False,True,True
기독교교육•상담학과,기독교교육•상담학과,기독교교육상담,DEP_003837,기독교교육•상담,1,2,False,True,True
기독교교육상담,기독교교육상담,기독교교육상담,DEP_000948,기독교교육상담,1,2,False,True,True
기독교교육상담학과,기독교교육상담학과,기독교교육상담,DEP_000948,기독교교육상담,1,2,False,True,True
나노・신소재공,나노·신소재공,나노신소재공,DEP_001205,나노・신소재공,1,2,False,True,True
나노・신소재공학부(고분자공학전공),나노·신소재공학부(고분자공학전공),나노신소재공,DEP_001205,나노・신소재공,1,2,False,True,True
나노・신소재공학부(금속재료공학전공),나노·신소재공학부(금속재료공학전공),나노신소재공,DEP_001205,나노・신소재공,1,2,False,True,True
나노・신소재공학부(세라믹공학전공),나노·신소재공학부(세라믹공학전공),나노신소재공,DEP_001205,나노・신소재공,1,2,False,True,True
나노신소재공,나노신소재공,나노신소재공,DEP_000540,나노신소재공,1,2,False,True,True
나노신소재공학과,나노신소재공학과,나노신소재공,DEP_000540,나노신소재공,1,2,False,True,True
뇌・인지과,뇌·인지과,뇌인지과,DEP_002589,뇌・인지과,1,2,False,True,True
뇌・인지과학부,뇌·인지과학부,뇌인지과,DEP_002589,뇌・인지과,1,2,False,True,True
뇌인지과,뇌인지과,뇌인지과,DEP_002609,뇌인지과,1,2,False,True,True
뇌인지과학과,뇌인지과학과,뇌인지과,DEP_002609,뇌인지과,1,2,False,True,True
도시계획・부동산,도시계획·부동산,도시계획부동산,DEP_002200,도시계획・부동산,1,2,False,True,True
도시계획・부동산학과,도시계획·부동산학과,도시계획부동산,DEP_002200,도시계획・부동산,1,2,False,True,True
도시계획부동산,도시계획부동산,도시계획부동산,DEP_000282,도시계획부동산,1,2,False,True,True
도시계획부동산학과,도시계획부동산학과,도시계획부동산,DEP_000282,도시계획부동산,1,2,False,True,True
도시계획부동산학부,도시계획부동산학부,도시계획부동산,DEP_000282,도시계획부동산,1,2,False,True,True
독일언어・문화,독일언어·문화,독일언어문화,DEP_002903,독일언어・문화,1,2,False,True,True
독일언어・문화학과,독일언어·문화학과,독일언어문화,DEP_002903,독일언어・문화,1,2,False,True,True
독일언어문화,독일언어문화,독일언어문화,DEP_000600,독일언어문화,1,2,False,True,True
독일언어문화전공,독일언어문화전공,독일언어문화,DEP_000600,독일언어문화,1,2,False,True,True
독일언어문화학과,독일언어문화학과,독일언어문화,DEP_000600,독일언어문화,1,2,False,True,True
동화∙한국어문화,동화·한국어문화,동화한국어문화,DEP_003904,동화∙한국어문화,2,2,True,True,False
동화∙한국어문화전공,동화·한국어문화전공,동화한국어문화,DEP_003904,동화∙한국어문화,1,2,False,True,True
동화・한국어문화,동화·한국어문화,동화한국어문화,DEP_002003,동화・한국어문화,2,2,True,True,False
동화・한국어문화학과,동화·한국어문화학과,동화한국어문화,DEP_002003,동화・한국어문화,1,2,False,True,True
드론・로봇융합,드론·로봇융합,드론로봇융합,DEP_001192,드론・로봇융합,1,2,False,True,True
드론・로봇융합학과,드론·로봇융합학과,드론로봇융합,DEP_001192,드론・로봇융합,1,2,False,True,True
드론로봇융합,드론로봇융합,드론로봇융합,DEP_001190,드론로봇융합,1,2,False,True,True
드론로봇융합학과,드론로봇융합학과,드론로봇융합,DEP_001190,드론로봇융합,1,2,False,True,True
드림라이프,드림라이프,드림라이프,DEP_002798,드림라이프,1,2,False,True,True
드림라이프학부,드림라이프학부,드림라이프,DEP_002798,드림라이프,1,2,False,True,True
드림라이프대학,드림라이프대학,드림라이프,DEP_004581,드림라이프대학,1,2,False,True,True
디자인,디자인,디자인,DEP_000048,디자인,1,2,False,True,True
디자인학과,디자인학과,디자인,DEP_000048,디자인,1,2,False,True,True
디자인학과(산업디자인전공),디자인학과(산업디자인전공),디자인,DEP_000048,디자인,1,2,False,True,True
디자인학과(시각디자인전공),디자인학과(시각디자인전공),디자인,DEP_000048,디자인,1,2,False,True,True
디자인학부,디자인학부,디자인,DEP_000048,디자인,1,2,False,True,True
디자인학부(공예전공),디자인학부(공예전공),디자인,DEP_000048,디자인,1,2,False,True,True
디자인학부(산업디자인전공),디자인학부(산업디자인전공),디자인,DEP_000048,디자인,1,2,False,True,True
디자인학부(시각디자인전공),디자인학부(시각디자인전공),디자인,DEP_000048,디자인,1,2,False,True,True
디자인학부(신),디자인학부(신),디자인,DEP_000048,디자인,1,2,False,True,True
디자인계열,디자인계열,디자인,DEP_004582,디자인계열,1,2,False,True,True
만화・애니메이션,만화·애니메이션,만화애니메이션,DEP_000577,만화・애니메이션,1,2,False,True,True
만화・애니메이션학과,만화·애니메이션학과,만화애니메이션,DEP_000577,만화・애니메이션,1,2,False,True,True
만화애니메이션,만화애니메이션,만화애니메이션,DEP_000184,만화애니메이션,1,2,False,True,True
만화애니메이션전공,만화애니메이션전공,만화애니메이션,DEP_000184,만화애니메이션,1,2,False,True,True
만화애니메이션학과,만화애니메이션학과,만화애니메이션,DEP_000184,만화애니메이션,1,2,False,True,True
만화애니메이션학부,만화애니메이션학부,만화애니메이션,DEP_000184,만화애니메이션,1,2,False,True,True
문화・미디어,문화·미디어,문화미디어,DEP_002931,문화・미디어,1,2,False,True,True
문화・미디어전공,문화·미디어전공,문화미디어,DEP_002931,문화・미디어,1,2,False,True,True
문화미디어,문화미디어,문화미디어,DEP_000815,문화미디어,1,2,False,True,True
문화미디어전공,문화미디어전공,문화미디어,DEP_000815,문화미디어,1,2,False,True,True
문화미디어학과,문화미디어학과,문화미디어,DEP_000815,문화미디어,1,2,False,True,True
물리·천문,물리·천문,물리천문,DEP_001441,물리·천문,1,2,False,True,True
물리·천문학부(물리학전공),물리·천문학부(물리학전공),물리천문,DEP_001441,물리·천문,1,2,False,True,True
물리·천문학부(천문학전공),물리·천문학부(천문학전공),물리천문,DEP_001441,물리·천문,1,2,False,True,True
물리천문,물리천문,물리천문,DEP_001439,물리천문,1,2,False,True,True
물리천문학과,물리천문학과,물리천문,DEP_001439,물리천문,1,2,False,True,True
미디어&콘텐츠,미디어&콘텐츠,미디어콘텐츠,DEP_003436,미디어&콘텐츠,1,2,False,True,True
미디어&콘텐츠학과,미디어&콘텐츠학과,미디어콘텐츠,DEP_003436,미디어&콘텐츠,1,2,False,True,True
미디어콘텐츠,미디어콘텐츠,미디어콘텐츠,DEP_000332,미디어콘텐츠,1,2,False,True,True
미디어콘텐츠전공,미디어콘텐츠전공,미디어콘텐츠,DEP_000332,미디어콘텐츠,1,2,False,True,True
미디어콘텐츠학과,미디어콘텐츠학과,미디어콘텐츠,DEP_000332,미디어콘텐츠,1,2,False,True,True
미래산업융합,미래산업융합,미래산업융합,DEP_002705,미래산업융합,1,2,False,True,True
미래산업융합학과,미래산업융합학과,미래산업융합,DEP_002705,미래산업융합,1,2,False,True,True
미래산업융합계열,미래산업융합계열,미래산업융합,DEP_004051,미래산업융합계열,1,2,False,True,True
미래융합,미래융합,미래융합,DEP_000314,미래융합,1,2,False,True,True
미래융합학과,미래융합학과,미래융합,DEP_000314,미래융합,1,2,False,True,True
미래융합학부,미래융합학부,미래융합,DEP_000314,미래융합,1,2,False,True,True
미래융합학부(건강여가복지전공),미래융합학부(건강여가복지전공),미래융합,DEP_000314,미래융합,1,2,False,True,True
미래융합학부(부동산비즈니스전공),미래융합학부(부동산비즈니스전공),미래융합,DEP_000314,미래융합,1,2,False,True,True
미래융합학부(뷰티산업학과),미래융합학부(뷰티산업학과),미래융합,DEP_000314,미래융합,1,2,False,True,True
미래융합학부(뷰티실버복지전공),미래융합학부(뷰티실버복지전공),미래융합,DEP_000314,미래융합,1,2,False,True,True
미래융합학부(사회복지상담전공),미래융합학부(사회복지상담전공),미래융합,DEP_000314,미래융합,1,2,False,True,True
미래융합학부(사회복지상담학과),미래융합학부(사회복지상담학과),미래융합,DEP_000314,미래융합,1,2,False,True,True
미래융합계열,미래융합계열,미래융합,DEP_001093,미래융합계열,1,2,False,True,True
미생물・분자생명과,미생물·분자생명과,미생물분자생명과,DEP_001833,미생물・분자생명과,1,2,False,True,True
미생물・분자생명과학과,미생물·분자생명과학과,미생물분자생명과,DEP_001833,미생물・분자생명과,1,2,False,True,True
미생물분자생명과,미생물분자생명과,미생물분자생명과,DEP_004114,미생물분자생명과,1,2,False,True,True
미생물분자생명과학과,미생물분자생명과학과,미생물분자생명과,DEP_004114,미생물분자생명과,1,2,False,True,True
미술·디자인,미술·디자인,미술디자인,DEP_001113,미술·디자인,2,2,True,True,False
미술·디자인학부(디자인),미술·디자인학부(디자인),미술디자인,DEP_001113,미술·디자인,1,2,False,True,True
미술·디자인학부(패션디자인),미술·디자인학부(패션디자인),미술디자인,DEP_001113,미술·디자인,1,2,False,True,True
미술·디자인학부(회화·조소),미술·디자인학부(회화·조소),미술디자인,DEP_001113,미술·디자인,1,2,False,True,True
미술・디자인,미술·디자인,미술디자인,DEP_004134,미술・디자인,2,2,True,True,False
미술・디자인학부(산업디자인전공),미술·디자인학부(산업디자인전공),미술디자인,DEP_004134,미술・디자인,1,2,False,True,True
미술・디자인학부(시각디자인전공),미술·디자인학부(시각디자인전공),미술디자인,DEP_004134,미술・디자인,1,2,False,True,True
미술・디자인학부(조소전공),미술·디자인학부(조소전공),미술디자인,DEP_004134,미술・디자인,1,2,False,True,True
미술・디자인학부(회화전공),미술·디자인학부(회화전공),미술디자인,DEP_004134,미술・디자인,1,2,False,True,True
반도체・디스플레이,반도체·디스플레이,반도체디스플레이,DEP_002206,반도체・디스플레이,1,3,False,True,True
반도체・디스플레이학과,반도체·디스플레이학과,반도체디스플레이,DEP_002206,반도체・디스플레이,1,3,False,True,True
반도체ㆍ디스플레이,반도체ᆞ디스플레이,반도체디스플레이,DEP_003326,반도체ㆍ디스플레이,1,3,False,True,True
반도체ㆍ디스플레이학부,반도체ᆞ디스플레이학부,반도체디스플레이,DEP_003326,반도체ㆍ디스플레이,1,3,False,True,True
반도체디스플레이,반도체디스플레이,반도체디스플레이,DEP_003237,반도체디스플레이,1,3,False,True,True
반도체디스플레이학과,반도체디스플레이학과,반도체디스플레이,DEP_003237,반도체디스플레이,1,3,False,True,True
반도체・신소재공,반도체·신소재공,반도체신소재공,DEP_003674,반도체・신소재공,1,2,False,True,True
반도체・신소재공학과,반도체·신소재공학과,반도체신소재공,DEP_003674,반도체・신소재공,1,2,False,True,True
반도체신소재공,반도체신소재공,반도체신소재공,DEP_004098,반도체신소재공,1,2,False,True,True
반도체신소재공학과,반도체신소재공학과,반도체신소재공,DEP_004098,반도체신소재공,1,2,False,True,True
반도체・전자공,반도체·전자공,반도체전자공,DEP_000975,반도체・전자공,1,2,False,True,True
반도체・전자공학부,반도체·전자공학부,반도체전자공,DEP_000975,반도체・전자공,1,2,False,True,True
반도체전자공,반도체전자공,반도체전자공,DEP_000878,반도체전자공,1,2,False,True,True
반도체전자공학과,반도체전자공학과,반도체전자공,DEP_000878,반도체전자공,1,2,False,True,True
반도체전자공학부(반도체공학전공),반도체전자공학부(반도체공학전공),반도체전자공,DEP_000878,반도체전자공,1,2,False,True,True
반도체전자공학부(전자공학전공),반도체전자공학부(전자공학전공),반도체전자공,DEP_000878,반도체전자공,1,2,False,True,True
방송·영상콘텐츠,방송·영상콘텐츠,방송영상콘텐츠,DEP_003090,방송·영상콘텐츠,2,2,True,True,False
방송·영상콘텐츠학과,방송·영상콘텐츠학과,방송영상콘텐츠,DEP_003090,방송·영상콘텐츠,1,2,False,True,True
방송・영상콘텐츠,방송·영상콘텐츠,방송영상콘텐츠,DEP_002529,방송・영상콘텐츠,2,2,True,True,False
방송・영상콘텐츠학부,방송·영상콘텐츠학부,방송영상콘텐츠,DEP_002529,방송・영상콘텐츠,1,2,False,True,True
법・경찰,법·경찰,법경찰,DEP_001470,법・경찰,1,2,False,True,True
법・경찰학과,법·경찰학과,법경찰,DEP_001470,법・경찰,1,2,False,True,True
법경찰,법경찰,법경찰,DEP_003319,법경찰,1,2,False,True,True
법경찰학과,법경찰학과,법경찰,DEP_003319,법경찰,1,2,False,True,True
법·행정,법·행정,법행정,DEP_004189,법·행정,1,2,False,True,True
법·행정학부,법·행정학부,법행정,DEP_004189,법·행정,1,2,False,True,True
법ㆍ행정,법ᆞ행정,법행정,DEP_003975,법ㆍ행정,1,2,False,True,True
법ㆍ행정학과,법ᆞ행정학과,법행정,DEP_003975,법ㆍ행정,1,2,False,True,True
복지・경영,복지·경영,복지경영,DEP_002680,복지・경영,1,2,False,True,True
복지・경영학과,복지·경영학과,복지경영,DEP_002680,복지・경영,1,2,False,True,True
복지경영,복지경영,복지경영,DEP_000451,복지경영,1,2,False,True,True
복지경영전공,복지경영전공,복지경영,DEP_000451,복지경영,1,2,False,True,True
복지경영학과,복지경영학과,복지경영,DEP_000451,복지경영,1,2,False,True,True
부동산・지적,부동산·지적,부동산지적,DEP_002117,부동산・지적,1,2,False,True,True
부동산・지적학과,부동산·지적학과,부동산지적,DEP_002117,부동산・지적,1,2,False,True,True
부동산지적,부동산지적,부동산지적,DEP_000912,부동산지적,1,2,False,True,True
부동산지적학과,부동산지적학과,부동산지적,DEP_000912,부동산지적,1,2,False,True,True
사회복지·상담심리,사회복지·상담심리,사회복지상담심리,DEP_002621,사회복지·상담심리,1,2,False,True,True
사회복지·상담심리학부,사회복지·상담심리학부,사회복지상담심리,DEP_002621,사회복지·상담심리,1,2,False,True,True
사회복지상담심리,사회복지상담심리,사회복지상담심리,DEP_000922,사회복지상담심리,1,2,False,True,True
사회복지상담심리전공,사회복지상담심리전공,사회복지상담심리,DEP_000922,사회복지상담심리,1,2,False,True,True
사회복지상담심리학과,사회복지상담심리학과,사회복지상담심리,DEP_000922,사회복지상담심리,1,2,False,True,True
사회・복지학,사회·복지학,사회복지학,DEP_001474,사회・복지학,1,2,False,True,True
사회 ・복지학전공,사회·복지학전공,사회복지학,DEP_001474,사회・복지학,1,2,False,True,True
사회복지학,사회복지학,사회복지학,DEP_000072,사회복지학,1,2,False,True,True
사회복지학전공,사회복지학전공,사회복지학,DEP_000072,사회복지학,1,2,False,True,True
사회안전,사회안전,사회안전,DEP_002799,사회안전,1,2,False,True,True
사회안전학과,사회안전학과,사회안전,DEP_002799,사회안전,1,2,False,True,True
사회안전계열,사회안전계열,사회안전,DEP_004018,사회안전계열,1,2,False,True,True
산업・정보시스템공,산업·정보시스템공,산업정보시스템공,DEP_001193,산업・정보시스템공,1,2,False,True,True
산업・정보시스템공학과,산업·정보시스템공학과,산업정보시스템공,DEP_001193,산업・정보시스템공,1,2,False,True,True
산업정보시스템공,산업정보시스템공,산업정보시스템공,DEP_001898,산업정보시스템공,1,2,False,True,True
산업정보시스템공학과,산업정보시스템공학과,산업정보시스템공,DEP_001898,산업정보시스템공,1,2,False,True,True
상경,상경,상경,DEP_002316,상경,1,2,False,True,True
상경학부,상경학부,상경,DEP_002316,상경,1,2,False,True,True
상경계열,상경계열,상경,DEP_003948,상경계열,1,2,False,True,True
상담ㆍ산업심리,상담ᆞ산업심리,상담산업심리,DEP_002246,상담ㆍ산업심리,1,2,False,True,True
상담ㆍ산업심리학과,상담ᆞ산업심리학과,상담산업심리,DEP_002246,상담ㆍ산업심리,1,2,False,True,True
상담산업심리,상담산업심리,상담산업심리,DEP_004404,상담산업심리,1,2,False,True,True
상담산업심리학과,상담산업심리학과,상담산업심리,DEP_004404,상담산업심리,1,2,False,True,True
생명시스템,생명시스템,생명시스템,DEP_000806,생명시스템,1,2,False,True,True
생명시스템학부,생명시스템학부,생명시스템,DEP_000806,생명시스템,1,2,False,True,True
생명시스템계열,생명시스템계열,생명시스템,DEP_004587,생명시스템계열,1,2,False,True,True
서비스・디자인공,서비스·디자인공,서비스디자인공,DEP_003537,서비스・디자인공,1,2,False,True,True
서비스・디자인공학과,서비스·디자인공학과,서비스디자인공,DEP_003537,서비스・디자인공,1,2,False,True,True
서비스디자인공,서비스디자인공,서비스디자인공,DEP_001453,서비스디자인공,1,2,False,True,True
서비스디자인공학과,서비스디자인공학과,서비스디자인공,DEP_001453,서비스디자인공,1,2,False,True,True
섬유・패션디자인,섬유·패션디자인,섬유패션디자인,DEP_001586,섬유・패션디자인,1,2,False,True,True
섬유・패션디자인학과,섬유·패션디자인학과,섬유패션디자인,DEP_001586,섬유・패션디자인,1,2,False,True,True
섬유패션디자인,섬유패션디자인,섬유패션디자인,DEP_002004,섬유패션디자인,1,2,False,True,True
섬유패션디자인학과,섬유패션디자인학과,섬유패션디자인,DEP_002004,섬유패션디자인,1,2,False,True,True
세무ㆍ회계,세무ᆞ회계,세무회계,DEP_001177,세무ㆍ회계,1,2,False,True,True
세무ㆍ회계학과,세무ᆞ회계학과,세무회계,DEP_001177,세무ㆍ회계,1,2,False,True,True
세무회계,세무회계,세무회계,DEP_000168,세무회계,1,2,False,True,True
세무회계학과,세무회계학과,세무회계,DEP_000168,세무회계,1,2,False,True,True
세무・회계・금융,세무·회계·금융,세무회계금융,DEP_001338,세무・회계・금융,1,2,False,True,True
세무・회계・금융학과,세무·회계·금융학과,세무회계금융,DEP_001338,세무・회계・금융,1,2,False,True,True
세무회계금융,세무회계금융,세무회계금융,DEP_002479,세무회계금융,1,2,False,True,True
세무회계금융학과,세무회계금융학과,세무회계금융,DEP_002479,세무회계금융,1,2,False,True,True
소방・안전,소방·안전,소방안전,DEP_001267,소방・안전,1,2,False,True,True
소방・안전학부,소방·안전학부,소방안전,DEP_001267,소방・안전,1,2,False,True,True
소방안전,소방안전,소방안전,DEP_000235,소방안전,1,2,False,True,True
소방안전학과,소방안전학과,소방안전,DEP_000235,소방안전,1,2,False,True,True
소방안전학부,소방안전학부,소방안전,DEP_000235,소방안전,1,2,False,True,True
소프트웨어,소프트웨어,소프트웨어,DEP_000036,소프트웨어,1,3,False,True,True
소프트웨어전공,소프트웨어전공,소프트웨어,DEP_000036,소프트웨어,1,3,False,True,True
소프트웨어학과,소프트웨어학과,소프트웨어,DEP_000036,소프트웨어,1,3,False,True,True
소프트웨어학부,소프트웨어학부,소프트웨어,DEP_000036,소프트웨어,1,3,False,True,True
소프트웨어학부(소프트웨어전공),소프트웨어학부(소프트웨어전공),소프트웨어,DEP_000036,소프트웨어,1,3,False,True,True
소프트웨어),소프트웨어),소프트웨어,DEP_003526,소프트웨어),1,3,False,True,True
소프트웨어학부(사물인터넷(IoT)전공),소프트웨어학부(사물인터넷(iot)전공),소프트웨어,DEP_003526,소프트웨어),1,3,False,True,True
소프트웨어계열,소프트웨어계열,소프트웨어,DEP_004467,소프트웨어계열,1,3,False,True,True
소프트웨어융합,소프트웨어융합,소프트웨어융합,DEP_000131,소프트웨어융합,1,2,False,True,True
소프트웨어융합전공,소프트웨어융합전공,소프트웨어융합,DEP_000131,소프트웨어융합,1,2,False,True,True
소프트웨어융합학과,소프트웨어융합학과,소프트웨어융합,DEP_000131,소프트웨어융합,1,2,False,True,True
소프트웨어융합학부,소프트웨어융합학부,소프트웨어융합,DEP_000131,소프트웨어융합,1,2,False,True,True
소프트웨어융합계열,소프트웨어융합계열,소프트웨어융합,DEP_004123,소프트웨어융합계열,1,2,False,True,True
스페인어・중남미,스페인어·중남미,스페인어중남미,DEP_003504,스페인어・중남미,1,2,False,True,True
스페인어・중남미학과,스페인어·중남미학과,스페인어중남미,DEP_003504,스페인어・중남미,1,2,False,True,True
스페인어중남미,스페인어중남미,스페인어중남미,DEP_000624,스페인어중남미,1,2,False,True,True
스페인어중남미학과,스페인어중남미학과,스페인어중남미,DEP_000624,스페인어중남미,1,2,False,True,True
시각・영상디자인,시각·영상디자인,시각영상디자인,DEP_000541,시각・영상디자인,1,2,False,True,True
시각・영상디자인전공,시각·영상디자인전공,시각영상디자인,DEP_000541,시각・영상디자인,1,2,False,True,True
시각・영상디자인학과,시각·영상디자인학과,시각영상디자인,DEP_000541,시각・영상디자인,1,2,False,True,True
시각영상디자인,시각영상디자인,시각영상디자인,DEP_000323,시각영상디자인,1,2,False,True,True
시각영상디자인전공,시각영상디자인전공,시각영상디자인,DEP_000323,시각영상디자인,1,2,False,True,True
시각영상디자인학과,시각영상디자인학과,시각영상디자인,DEP_000323,시각영상디자인,1,2,False,True,True
시각・영상디자인과,시각·영상디자인과,시각영상디자인과,DEP_001731,시각・영상디자인과,1,2,False,True,True
시각영상디자인과,시각영상디자인과,시각영상디자인과,DEP_001578,시각영상디자인과,1,2,False,True,True
아동・가족,아동·가족,아동가족,DEP_002021,아동・가족,1,2,False,True,True
아동・가족학과,아동·가족학과,아동가족,DEP_002021,아동・가족,1,2,False,True,True
아동가족,아동가족,아동가족,DEP_000360,아동가족,1,2,False,True,True
아동가족학과,아동가족학과,아동가족,DEP_000360,아동가족,1,2,False,True,True
아동・가족상담,아동·가족상담,아동가족상담,DEP_002468,아동・가족상담,1,2,False,True,True
아동・가족상담학과,아동·가족상담학과,아동가족상담,DEP_002468,아동・가족상담,1,2,False,True,True
아동가족상담,아동가족상담,아동가족상담,DEP_001619,아동가족상담,1,2,False,True,True
아동가족상담학과,아동가족상담학과,아동가족상담,DEP_001619,아동가족상담,1,2,False,True,True
아동·보육,아동·보육,아동보육,DEP_001762,아동·보육,1,2,False,True,True
아동·보육전공,아동·보육전공,아동보육,DEP_001762,아동·보육,1,2,False,True,True
아동보육,아동보육,아동보육,DEP_000239,아동보육,1,2,False,True,True
아동보육전공,아동보육전공,아동보육,DEP_000239,아동보육,1,2,False,True,True
아동보육학과,아동보육학과,아동보육,DEP_000239,아동보육,1,2,False,True,True
아동・복지상담,아동·복지상담,아동복지상담,DEP_003724,아동・복지상담,1,2,False,True,True
아동・복지상담학과,아동·복지상담학과,아동복지상담,DEP_003724,아동・복지상담,1,2,False,True,True
아동복지상담,아동복지상담,아동복지상담,DEP_000967,아동복지상담,1,2,False,True,True
아동복지상담전공,아동복지상담전공,아동복지상담,DEP_000967,아동복지상담,1,2,False,True,True
아동복지상담학과,아동복지상담학과,아동복지상담,DEP_000967,아동복지상담,1,2,False,True,True
아동・사회복지,아동·사회복지,아동사회복지,DEP_003124,아동・사회복지,1,2,False,True,True
아동・사회복지학과,아동·사회복지학과,아동사회복지,DEP_003124,아동・사회복지,1,2,False,True,True
아동사회복지,아동사회복지,아동사회복지,DEP_001943,아동사회복지,1,2,False,True,True
아동사회복지학부,아동사회복지학부,아동사회복지,DEP_001943,아동사회복지,1,2,False,True,True
아동・청소년,아동·청소년,아동청소년,DEP_001917,아동・청소년,1,2,False,True,True
아동・청소년학과,아동·청소년학과,아동청소년,DEP_001917,아동・청소년,1,2,False,True,True
아동청소년,아동청소년,아동청소년,DEP_003676,아동청소년,1,2,False,True,True
아동청소년학과,아동청소년학과,아동청소년,DEP_003676,아동청소년,1,2,False,True,True
약학,약학,약학,DEP_000391,약학,1,2,False,True,True
약학전공,약학전공,약학,DEP_000391,약학,1,2,False,True,True
약학전공(6년제),약학전공(6년제),약학,DEP_000391,약학,1,2,False,True,True
약학전공(통합6년제),약학전공(통합6년제),약학,DEP_000391,약학,1,2,False,True,True
약학계열,약학계열,약학,DEP_000911,약학계열,1,2,False,True,True
약학계열(6년제),약학계열(6년제),약학,DEP_000911,약학계열,1,2,False,True,True
언론ㆍ정보,언론ᆞ정보,언론정보,DEP_003239,언론ㆍ정보,1,2,False,True,True
언론ㆍ정보전공,언론ᆞ정보전공,언론정보,DEP_003239,언론ㆍ정보,1,2,False,True,True
언론정보,언론정보,언론정보,DEP_000535,언론정보,1,2,False,True,True
언론정보전공,언론정보전공,언론정보,DEP_000535,언론정보,1,2,False,True,True
언론정보학과,언론정보학과,언론정보,DEP_000535,언론정보,1,2,False,True,True
언어치료·청각재활,언어치료·청각재활,언어치료청각재활,DEP_001562,언어치료·청각재활,1,2,False,True,True
언어치료·청각재활학과,언어치료·청각재활학과,언어치료청각재활,DEP_001562,언어치료·청각재활,1,2,False,True,True
언어치료청각재활,언어치료청각재활,언어치료청각재활,DEP_001702,언어치료청각재활,1,2,False,True,True
언어치료청각재활학과,언어치료청각재활학과,언어치료청각재활,DEP_001702,언어치료청각재활,1,2,False,True,True
에너지신소재・화학공,에너지신소재·화학공,에너지신소재화학공,DEP_001461,에너지신소재・화학공,1,2,False,True,True
에너지 신소재・화학공학부(신소재공학전공),에너지신소재·화학공학부(신소재공학전공),에너지신소재화학공,DEP_001461,에너지신소재・화학공,1,2,False,True,True
에너지 신소재・화학공학부(에너지화학공학전공),에너지신소재·화학공학부(에너지화학공학전공),에너지신소재화학공,DEP_001461,에너지신소재・화학공,1,2,False,True,True
에너지신소재화학공,에너지신소재화학공,에너지신소재화학공,DEP_001260,에너지신소재화학공,1,2,False,True,True
에너지신소재화학공학부,에너지신소재화학공학부,에너지신소재화학공,DEP_001260,에너지신소재화학공,1,2,False,True,True
에너지.자원공,에너지.자원공,에너지자원공,DEP_002951,에너지.자원공,1,2,False,True,True
에너지.자원공학과,에너지.자원공학과,에너지자원공,DEP_002951,에너지.자원공,1,2,False,True,True
에너지자원공,에너지자원공,에너지자원공,DEP_000255,에너지자원공,1,2,False,True,True
에너지자원공학과,에너지자원공학과,에너지자원공,DEP_000255,에너지자원공,1,2,False,True,True
에너지・전기공,에너지·전기공,에너지전기공,DEP_000711,에너지・전기공,1,2,False,True,True
에너지・전기공학과,에너지·전기공학과,에너지전기공,DEP_000711,에너지・전기공,1,2,False,True,True
에너지・전기공학부(전력응용시스템전공),에너지·전기공학부(전력응용시스템전공),에너지전기공,DEP_000711,에너지・전기공,1,2,False,True,True
에너지전기공,에너지전기공,에너지전기공,DEP_001011,에너지전기공,1,2,False,True,True
에너지전기공학과,에너지전기공학과,에너지전기공,DEP_001011,에너지전기공,1,2,False,True,True
역사·문화콘텐츠,역사·문화콘텐츠,역사문화콘텐츠,DEP_001907,역사·문화콘텐츠,1,2,False,True,True
역사·문화콘텐츠학과,역사·문화콘텐츠학과,역사문화콘텐츠,DEP_001907,역사·문화콘텐츠,1,2,False,True,True
역사·문화콘텐츠학부,역사·문화콘텐츠학부,역사문화콘텐츠,DEP_001907,역사·문화콘텐츠,1,2,False,True,True
역사문화콘텐츠,역사문화콘텐츠,역사문화콘텐츠,DEP_000625,역사문화콘텐츠,1,2,False,True,True
역사문화콘텐츠학과,역사문화콘텐츠학과,역사문화콘텐츠,DEP_000625,역사문화콘텐츠,1,2,False,True,True
역사문화콘텐츠학부,역사문화콘텐츠학부,역사문화콘텐츠,DEP_000625,역사문화콘텐츠,1,2,False,True,True
역사・문화학,역사·문화학,역사문화학,DEP_002362,역사・문화학,1,2,False,True,True
역사・문화학전공,역사·문화학전공,역사문화학,DEP_002362,역사・문화학,1,2,False,True,True
역사문화학,역사문화학,역사문화학,DEP_000607,역사문화학,1,2,False,True,True
역사문화학전공,역사문화학전공,역사문화학,DEP_000607,역사문화학,1,2,False,True,True
연극・영화,연극·영화,연극영화,DEP_002668,연극・영화,1,2,False,True,True
연극・영화전공,연극·영화전공,연극영화,DEP_002668,연극・영화,1,2,False,True,True
연극영화,연극영화,연극영화,DEP_000211,연극영화,1,2,False,True,True
연극영화전공,연극영화전공,연극영화,DEP_000211,연극영화,1,2,False,True,True
연극영화학과,연극영화학과,연극영화,DEP_000211,연극영화,1,2,False,True,True
연극영화학부,연극영화학부,연극영화,DEP_000211,연극영화,1,2,False,True,True
영상ㆍ애니메이션,영상ᆞ애니메이션,영상애니메이션,DEP_001145,영상ㆍ애니메이션,1,2,False,True,True
영상ㆍ애니메이션학부,영상ᆞ애니메이션학부,영상애니메이션,DEP_001145,영상ㆍ애니메이션,1,2,False,True,True
영상애니메이션,영상애니메이션,영상애니메이션,DEP_000501,영상애니메이션,1,2,False,True,True
영상애니메이션학과,영상애니메이션학과,영상애니메이션,DEP_000501,영상애니메이션,1,2,False,True,True
영상애니메이션학부,영상애니메이션학부,영상애니메이션,DEP_000501,영상애니메이션,1,2,False,True,True
외식・조리,외식·조리,외식조리,DEP_001078,외식・조리,1,2,False,True,True
외식・조리학과,외식·조리학과,외식조리,DEP_001078,외식・조리,1,2,False,True,True
외식・조리학부,외식·조리학부,외식조리,DEP_001078,외식・조리,1,2,False,True,True
외식조리,외식조리,외식조리,DEP_000243,외식조리,1,2,False,True,True
외식조리전공,외식조리전공,외식조리,DEP_000243,외식조리,1,2,False,True,True
외식조리학과,외식조리학과,외식조리,DEP_000243,외식조리,1,2,False,True,True
외식조리・제과제빵,외식조리·제과제빵,외식조리제과제빵,DEP_003437,외식조리・제과제빵,1,2,False,True,True
외식조리・제과제빵학과,외식조리·제과제빵학과,외식조리제과제빵,DEP_003437,외식조리・제과제빵,1,2,False,True,True
외식조리제과제빵,외식조리제과제빵,외식조리제과제빵,DEP_000869,외식조리제과제빵,1,2,False,True,True
외식조리제과제빵학과,외식조리제과제빵학과,외식조리제과제빵,DEP_000869,외식조리제과제빵,1,2,False,True,True
외식조리제과제빵학부,외식조리제과제빵학부,외식조리제과제빵,DEP_000869,외식조리제과제빵,1,2,False,True,True
웹툰・애니메이션,웹툰·애니메이션,웹툰애니메이션,DEP_002532,웹툰・애니메이션,1,2,False,True,True
웹툰・애니메이션학과,웹툰·애니메이션학과,웹툰애니메이션,DEP_002532,웹툰・애니메이션,1,2,False,True,True
웹툰애니메이션,웹툰애니메이션,웹툰애니메이션,DEP_000527,웹툰애니메이션,1,2,False,True,True
웹툰애니메이션학과,웹툰애니메이션학과,웹툰애니메이션,DEP_000527,웹툰애니메이션,1,2,False,True,True
유아ㆍ특수교육과,유아ᆞ특수교육과,유아특수교육과,DEP_001877,유아ㆍ특수교육과,1,2,False,True,True
유아ㆍ특수교육과(심화과정),유아ᆞ특수교육과(심화과정),유아특수교육과,DEP_001877,유아ㆍ특수교육과,1,2,False,True,True
유아특수교육과,유아특수교육과,유아특수교육과,DEP_000284,유아특수교육과,1,2,False,True,True
인문,인문,인문,DEP_001071,인문,1,2,False,True,True
인문학부,인문학부,인문,DEP_001071,인문,1,2,False,True,True
인문계열,인문계열,인문,DEP_003994,인문계열,1,2,False,True,True
인문사회,인문사회,인문사회,DEP_003987,인문사회,1,2,False,True,True
인문사회학부,인문사회학부,인문사회,DEP_003987,인문사회,1,2,False,True,True
인문사회계열,인문사회계열,인문사회,DEP_004634,인문사회계열,1,2,False,True,True
전기・정보공,전기·정보공,전기정보공,DEP_001154,전기・정보공,1,2,False,True,True
전기・정보공학부,전기·정보공학부,전기정보공,DEP_001154,전기・정보공,1,2,False,True,True
전기정보공,전기정보공,전기정보공,DEP_001166,전기정보공,1,2,False,True,True
전기정보공학과,전기정보공학과,전기정보공,DEP_001166,전기정보공,1,2,False,True,True
전자·전기공,전자·전기공,전자전기공,DEP_000670,전자·전기공,1,2,False,True,True
전자·전기공학과,전자·전기공학과,전자전기공,DEP_000670,전자·전기공,1,2,False,True,True
전자·전기공학부,전자·전기공학부,전자전기공,DEP_000670,전자·전기공,1,2,False,True,True
전자전기공,전자전기공,전자전기공,DEP_000225,전자전기공,1,2,False,True,True
전자전기공학과,전자전기공학과,전자전기공,DEP_000225,전자전기공,1,2,False,True,True
전자전기공학부,전자전기공학부,전자전기공,DEP_000225,전자전기공,1,2,False,True,True
전자전기공학부(반도체전자공학전공),전자전기공학부(반도체전자공학전공),전자전기공,DEP_000225,전자전기공,1,2,False,True,True
전자전기공학부(전기공학전공),전자전기공학부(전기공학전공),전자전기공,DEP_000225,전자전기공,1,2,False,True,True
전자전기공학부(전자공학전공),전자전기공학부(전자공학전공),전자전기공,DEP_000225,전자전기공,1,2,False,True,True
전자전기공학부(정보통신공학전공),전자전기공학부(정보통신공학전공),전자전기공,DEP_000225,전자전기공,1,2,False,True,True
전자·정보통신공,전자·정보통신공,전자정보통신공,DEP_000986,전자·정보통신공,1,2,False,True,True
전자·정보통신공학과,전자·정보통신공학과,전자정보통신공,DEP_000986,전자·정보통신공,1,2,False,True,True
전자정보통신공,전자정보통신공,전자정보통신공,DEP_000488,전자정보통신공,1,2,False,True,True
전자정보통신공학과,전자정보통신공학과,전자정보통신공,DEP_000488,전자정보통신공,1,2,False,True,True
정보·컴퓨터공컴퓨터공학,정보·컴퓨터공컴퓨터공학,정보컴퓨터공컴퓨터공학,DEP_004229,정보·컴퓨터공컴퓨터공학,1,2,False,True,True
정보·컴퓨터공학부 컴퓨터공학전공,정보·컴퓨터공학부컴퓨터공학전공,정보컴퓨터공컴퓨터공학,DEP_004229,정보·컴퓨터공컴퓨터공학,1,2,False,True,True
정보컴퓨터공컴퓨터공학,정보컴퓨터공컴퓨터공학,정보컴퓨터공컴퓨터공학,DEP_001486,정보컴퓨터공컴퓨터공학,1,2,False,True,True
정보컴퓨터공학부 컴퓨터공학전공,정보컴퓨터공학부컴퓨터공학전공,정보컴퓨터공컴퓨터공학,DEP_001486,정보컴퓨터공컴퓨터공학,1,2,False,True,True
정보통신・전자공,정보통신·전자공,정보통신전자공,DEP_003868,정보통신・전자공,1,2,False,True,True
정보통신・전자공학과,정보통신·전자공학과,정보통신전자공,DEP_003868,정보통신・전자공,1,2,False,True,True
정보통신전자공,정보통신전자공,정보통신전자공,DEP_001438,정보통신전자공,1,2,False,True,True
정보통신전자공학부,정보통신전자공학부,정보통신전자공,DEP_001438,정보통신전자공,1,2,False,True,True
정치・국제,정치·국제,정치국제,DEP_003533,정치・국제,1,2,False,True,True
정치・국제학과,정치·국제학과,정치국제,DEP_003533,정치・국제,1,2,False,True,True
정치국제,정치국제,정치국제,DEP_001364,정치국제,1,2,False,True,True
정치국제학과,정치국제학과,정치국제,DEP_001364,정치국제,1,2,False,True,True
조리・서비스경영,조리·서비스경영,조리서비스경영,DEP_001176,조리・서비스경영,1,2,False,True,True
조리・서비스경영학과,조리·서비스경영학과,조리서비스경영,DEP_001176,조리・서비스경영,1,2,False,True,True
조리서비스경영,조리서비스경영,조리서비스경영,DEP_001423,조리서비스경영,1,2,False,True,True
조리서비스경영전공,조리서비스경영전공,조리서비스경영,DEP_001423,조리서비스경영,1,2,False,True,True
조선·해양공,조선·해양공,조선해양공,DEP_001174,조선·해양공,1,2,False,True,True
조선·해양공학과,조선·해양공학과,조선해양공,DEP_001174,조선·해양공,1,2,False,True,True
조선해양공,조선해양공,조선해양공,DEP_000174,조선해양공,1,2,False,True,True
조선해양공학과,조선해양공학과,조선해양공,DEP_000174,조선해양공,1,2,False,True,True
조선해양공학과(조선해양생산트랙),조선해양공학과(조선해양생산트랙),조선해양공,DEP_000174,조선해양공,1,2,False,True,True
조선해양공학과(조선해양설계트랙),조선해양공학과(조선해양설계트랙),조선해양공,DEP_000174,조선해양공,1,2,False,True,True
중국어문·문화,중국어문·문화,중국어문문화,DEP_001901,중국어문·문화,2,2,True,True,False
중국어문·문화학과,중국어문·문화학과,중국어문문화,DEP_001901,중국어문·문화,2,2,True,True,False
중국어문・문화,중국어문·문화,중국어문문화,DEP_003746,중국어문・문화,2,2,True,True,False
중국어문・문화학과,중국어문·문화학과,중국어문문화,DEP_003746,중국어문・문화,2,2,True,True,False
청소년교육・상담,청소년교육·상담,청소년교육상담,DEP_001509,청소년교육・상담,1,2,False,True,True
청소년교육 ・ 상담학과,청소년교육·상담학과,청소년교육상담,DEP_001509,청소년교육・상담,1,2,False,True,True
청소년교육상담,청소년교육상담,청소년교육상담,DEP_002880,청소년교육상담,1,2,False,True,True
청소년교육상담전공,청소년교육상담전공,청소년교육상담,DEP_002880,청소년교육상담,1,2,False,True,True
청소년교육상담학과,청소년교육상담학과,청소년교육상담,DEP_002880,청소년교육상담,1,2,False,True,True
컴퓨터・소프트웨어공,컴퓨터·소프트웨어공,컴퓨터소프트웨어공,DEP_001142,컴퓨터・소프트웨어공,1,2,False,True,True
컴퓨터・소프트웨어공학과,컴퓨터·소프트웨어공학과,컴퓨터소프트웨어공,DEP_001142,컴퓨터・소프트웨어공,1,2,False,True,True
컴퓨터소프트웨어공,컴퓨터소프트웨어공,컴퓨터소프트웨어공,DEP_000429,컴퓨터소프트웨어공,1,2,False,True,True
컴퓨터소프트웨어공학과,컴퓨터소프트웨어공학과,컴퓨터소프트웨어공,DEP_000429,컴퓨터소프트웨어공,1,2,False,True,True
컴퓨터소프트웨어공학부,컴퓨터소프트웨어공학부,컴퓨터소프트웨어공,DEP_000429,컴퓨터소프트웨어공,1,2,False,True,True
토목・환경공학,토목·환경공학,토목환경공학,DEP_004309,토목・환경공학,1,2,False,True,True
토목・환경공학전공,토목·환경공학전공,토목환경공학,DEP_004309,토목・환경공학,1,2,False,True,True
토목환경공학,토목환경공학,토목환경공학,DEP_000461,토목환경공학,1,2,False,True,True
토목환경공학전공,토목환경공학전공,토목환경공학,DEP_000461,토목환경공학,1,2,False,True,True
통계・데이터사이언스,통계·데이터사이언스,통계데이터사이언스,DEP_002122,통계・데이터사이언스,1,2,False,True,True
통계・데이터사이언스전공,통계·데이터사이언스전공,통계데이터사이언스,DEP_002122,통계・데이터사이언스,1,2,False,True,True
통계데이터사이언스,통계데이터사이언스,통계데이터사이언스,DEP_000906,통계데이터사이언스,1,2,False,True,True
통계데이터사이언스학과,통계데이터사이언스학과,통계데이터사이언스,DEP_000906,통계데이터사이언스,1,2,False,True,True
특수체육학,특수체육학,특수체육학,DEP_001028,특수체육학,1,2,False,True,True
특수체육학전공,특수체육학전공,특수체육학,DEP_001028,특수체육학,1,2,False,True,True
특수체육학계열,특수체육학계열,특수체육학,DEP_004534,특수체육학계열,1,2,False,True,True
평생교육,평생교육,평생교육,DEP_000442,평생교육,1,2,False,True,True
평생교육전공,평생교육전공,평생교육,DEP_000442,평생교육,1,2,False,True,True
평생교육학과,평생교육학과,평생교육,DEP_000442,평생교육,1,2,False,True,True
평생교육학부,평생교육학부,평생교육,DEP_000442,평생교육,1,2,False,True,True
평생교육계열,평생교육계열,평생교육,DEP_004601,평생교육계열,1,2,False,True,True
프랑스언어・문화,프랑스언어·문화,프랑스언어문화,DEP_002563,프랑스언어・문화,1,2,False,True,True
프랑스언어・문화학과,프랑스언어·문화학과,프랑스언어문화,DEP_002563,프랑스언어・문화,1,2,False,True,True
프랑스언어문화,프랑스언어문화,프랑스언어문화,DEP_000491,프랑스언어문화,1,2,False,True,True
프랑스언어문화학과,프랑스언어문화학과,프랑스언어문화,DEP_000491,프랑스언어문화,1,2,False,True,True
한국어・다문화,한국어·다문화,한국어다문화,DEP_001115,한국어・다문화,1,2,False,True,True
한국어・다문화학부,한국어·다문화학부,한국어다문화,DEP_001115,한국어・다문화,1,2,False,True,True
한국어다문화,한국어다문화,한국어다문화,DEP_000713,한국어다문화,1,2,False,True,True
한국어다문화전공,한국어다문화전공,한국어다문화,DEP_000713,한국어다문화,1,2,False,True,True
한국어다문화학과,한국어다문화학과,한국어다문화,DEP_000713,한국어다문화,1,2,False,True,True
행정・경찰공공,행정·경찰공공,행정경찰공공,DEP_001298,행정・경찰공공,1,2,False,True,True
행정・경찰공공학부,행정·경찰공공학부,행정경찰공공,DEP_001298,행정・경찰공공,1,2,False,True,True
행정경찰공공,행정경찰공공,행정경찰공공,DEP_003479,행정경찰공공,1,2,False,True,True
행정경찰공공학과,행정경찰공공학과,행정경찰공공,DEP_003479,행정경찰공공,1,2,False,True,True
호텔・관광,호텔·관광,호텔관광,DEP_002349,호텔・관광,1,2,False,True,True
호텔・관광학부(국제문화관광전공),호텔·관광학부(국제문화관광전공),호텔관광,DEP_002349,호텔・관광,1,2,False,True,True
호텔・관광학부(국제비서전공),호텔·관광학부(국제비서전공),호텔관광,DEP_002349,호텔・관광,1,2,False,True,True
호텔・관광학부(호텔・컨벤션전공),호텔·관광학부(호텔·컨벤션전공),호텔관광,DEP_002349,호텔・관광,1,2,False,True,True
호텔관광,호텔관광,호텔관광,DEP_000353,호텔관광,1,2,False,True,True
호텔관광학과,호텔관광학과,호텔관광,DEP_000353,호텔관광,1,2,False,True,True
호텔관광학부,호텔관광학부,호텔관광,DEP_000353,호텔관광,1,2,False,True,True
호텔・관광경영,호텔·관광경영,호텔관광경영,DEP_003661,호텔・관광경영,1,2,False,True,True
호텔・관광경영학과,호텔·관광경영학과,호텔관광경영,DEP_003661,호텔・관광경영,1,2,False,True,True
호텔관광경영,호텔관광경영,호텔관광경영,DEP_000124,호텔관광경영,1,2,False,True,True
호텔관광경영학과,호텔관광경영학과,호텔관광경영,DEP_000124,호텔관광경영,1,2,False,True,True
호텔관광경영학부,호텔관광경영학부,호텔관광경영,DEP_000124,호텔관광경영,1,2,False,True,True
호텔관광경영학부(관광경영전공),호텔관광경영학부(관광경영전공),호텔관광경영,DEP_000124,호텔관광경영,1,2,False,True,True
호텔관광경영학부(관광항공경영전공),호텔관광경영학부(관광항공경영전공),호텔관광경영,DEP_000124,호텔관광경영,1,2,False,True,True
호텔관광경영학부(호텔경영전공),호텔관광경영학부(호텔경영전공),호텔관광경영,DEP_000124,호텔관광경영,1,2,False,True,True
호텔관광경영학부(호텔관광외식서비스전공),호텔관광경영학부(호텔관광외식서비스전공),호텔관광경영,DEP_000124,호텔관광경영,1,2,False,True,True
호텔관광경영학부(호텔관광전공),호텔관광경영학부(호텔관광전공),호텔관광경영,DEP_000124,호텔관광경영,1,2,False,True,True
호텔·컨벤션,호텔·컨벤션,호텔컨벤션,DEP_004312,호텔·컨벤션,1,2,False,True,True
호텔·컨벤션전공,호텔·컨벤션전공,호텔컨벤션,DEP_004312,호텔·컨벤션,1,2,False,True,True
호텔컨벤션,호텔컨벤션,호텔컨벤션,DEP_003476,호텔컨벤션,1,2,False,True,True
호텔컨벤션학과,호텔컨벤션학과,호텔컨벤션,DEP_003476,호텔컨벤션,1,2,False,True,True
호텔・컨벤션경영,호텔·컨벤션경영,호텔컨벤션경영,DEP_002208,호텔・컨벤션경영,1,2,False,True,True
호텔・컨벤션경영학과,호텔·컨벤션경영학과,호텔컨벤션경영,DEP_002208,호텔・컨벤션경영,1,2,False,True,True
호텔컨벤션경영,호텔컨벤션경영,호텔컨벤션경영,DEP_003079,호텔컨벤션경영,1,2,False,True,True
호텔컨벤션경영학과,호텔컨벤션경영학과,호텔컨벤션경영,DEP_003079,호텔컨벤션경영,1,2,False,True,True
호텔ㆍ컨벤션경영학,호텔ᆞ컨벤션경영학,호텔컨벤션경영학,DEP_002183,호텔ㆍ컨벤션경영학,1,2,False,True,True
호텔ㆍ컨벤션경영학전공,호텔ᆞ컨벤션경영학전공,호텔컨벤션경영학,DEP_002183,호텔ㆍ컨벤션경영학,1,2,False,True,True
호텔컨벤션경영학,호텔컨벤션경영학,호텔컨벤션경영학,DEP_002806,호텔컨벤션경영학,1,2,False,True,True
호텔컨벤션경영학전공,호텔컨벤션경영학전공,호텔컨벤션경영학,DEP_002806,호텔컨벤션경영학,1,2,False,True,True
환경・에너지공,환경·에너지공,환경에너지공,DEP_003763,환경・에너지공,1,2,False,True,True
환경・에너지공학과,환경·에너지공학과,환경에너지공,DEP_003763,환경・에너지공,1,2,False,True,True
환경・에너지공학부,환경·에너지공학부,환경에너지공,DEP_003763,환경・에너지공,1,2,False,True,True
환경에너지공,환경에너지공,환경에너지공,DEP_000361,환경에너지공,1,2,False,True,True
환경에너지공학과,환경에너지공학과,환경에너지공,DEP_000361,환경에너지공,1,2,False,True,True
회계・세무,회계·세무,회계세무,DEP_001234,회계・세무,1,2,False,True,True
회계・세무학과,회계·세무학과,회계세무,DEP_001234,회계・세무,1,2,False,True,True
회계세무,회계세무,회계세무,DEP_000119,회계세무,1,2,False,True,True
회계세무전공,회계세무전공,회계세무,DEP_000119,회계세무,1,2,False,True,True
회계세무학과,회계세무학과,회계세무,DEP_000119,회계세무,1,2,False,True,True
회계세무학부,회계세무학부,회계세무,DEP_000119,회계세무,1,2,False,True,True
휴먼서비스,휴먼서비스,휴먼서비스,DEP_000393,휴먼서비스,1,2,False,True,True
휴먼서비스학과,휴먼서비스학과,휴먼서비스,DEP_000393,휴먼서비스,1,2,False,True,True
휴먼서비스학부,휴먼서비스학부,휴먼서비스,DEP_000393,휴먼서비스,1,2,False,True,True
휴먼서비스계열,휴먼서비스계열,휴먼서비스,DEP_004146,휴먼서비스계열,1,2,False,True,True
