topic_id,topic_name,year,subgroup,share_sum,qa_status
GOMS_001,성별 경제활동 상태,2007,비경활,99.9,PASS
GOMS_001,성별 경제활동 상태,2007,실업자,99.9,PASS
GOMS_001,성별 경제활동 상태,2007,전체,99.9,PASS
GOMS_001,성별 경제활동 상태,2007,취업자,99.9,PASS
GOMS_001,성별 경제활동 상태,2008,비경활,99.9,PASS
GOMS_001,성별 경제활동 상태,2008,실업자,99.9,PASS
GOMS_001,성별 경제활동 상태,2008,전체,99.9,PASS
GOMS_001,성별 경제활동 상태,2008,취업자,99.9,PASS
GOMS_001,성별 경제활동 상태,2009,비경활,99.9,PASS
GOMS_001,성별 경제활동 상태,2009,실업자,99.9,PASS
GOMS_001,성별 경제활동 상태,2009,전체,99.9,PASS
GOMS_001,성별 경제활동 상태,2009,취업자,99.9,PASS
GOMS_001,성별 경제활동 상태,2010,비경활,99.9,PASS
GOMS_001,성별 경제활동 상태,2010,실업자,99.9,PASS
GOMS_001,성별 경제활동 상태,2010,전체,99.9,PASS
GOMS_001,성별 경제활동 상태,2010,취업자,99.9,PASS
GOMS_001,성별 경제활동 상태,2011,비경활,99.9,PASS
GOMS_001,성별 경제활동 상태,2011,실업자,99.9,PASS
GOMS_001,성별 경제활동 상태,2011,전체,99.9,PASS
GOMS_001,성별 경제활동 상태,2011,취업자,99.9,PASS
GOMS_001,성별 경제활동 상태,2012,비경활,99.9,PASS
GOMS_001,성별 경제활동 상태,2012,실업자,99.9,PASS
GOMS_001,성별 경제활동 상태,2012,전체,99.9,PASS
GOMS_001,성별 경제활동 상태,2012,취업자,99.9,PASS
GOMS_001,성별 경제활동 상태,2013,비경활,99.9,PASS
GOMS_001,성별 경제활동 상태,2013,실업자,99.9,PASS
GOMS_001,성별 경제활동 상태,2013,전체,99.9,PASS
GOMS_001,성별 경제활동 상태,2013,취업자,99.9,PASS
GOMS_001,성별 경제활동 상태,2014,비경활,99.9,PASS
GOMS_001,성별 경제활동 상태,2014,실업자,99.9,PASS
GOMS_001,성별 경제활동 상태,2014,전체,99.9,PASS
GOMS_001,성별 경제활동 상태,2014,취업자,99.9,PASS
GOMS_001,성별 경제활동 상태,2015,비경활,99.9,PASS
GOMS_001,성별 경제활동 상태,2015,실업자,99.9,PASS
GOMS_001,성별 경제활동 상태,2015,전체,99.9,PASS
GOMS_001,성별 경제활동 상태,2015,취업자,99.9,PASS
GOMS_001,성별 경제활동 상태,2016,비경활,99.9,PASS
GOMS_001,성별 경제활동 상태,2016,실업자,99.9,PASS
GOMS_001,성별 경제활동 상태,2016,전체,99.9,PASS
GOMS_001,성별 경제활동 상태,2016,취업자,99.9,PASS
GOMS_001,성별 경제활동 상태,2017,비경활,99.9,PASS
GOMS_001,성별 경제활동 상태,2017,실업자,99.9,PASS
GOMS_001,성별 경제활동 상태,2017,전체,99.9,PASS
GOMS_001,성별 경제활동 상태,2017,취업자,99.9,PASS
GOMS_001,성별 경제활동 상태,2018,비경활,99.9,PASS
GOMS_001,성별 경제활동 상태,2018,실업자,99.9,PASS
GOMS_001,성별 경제활동 상태,2018,전체,99.9,PASS
GOMS_001,성별 경제활동 상태,2018,취업자,99.9,PASS
GOMS_001,성별 경제활동 상태,2019,비경활,99.9,PASS
GOMS_001,성별 경제활동 상태,2019,실업자,99.9,PASS
GOMS_001,성별 경제활동 상태,2019,전체,99.9,PASS
GOMS_001,성별 경제활동 상태,2019,취업자,99.9,PASS
GOMS_002,학교유형별 경제활동 상태,2007,비경활,99.80000000000001,PASS
GOMS_002,학교유형별 경제활동 상태,2007,실업자,99.8,PASS
GOMS_002,학교유형별 경제활동 상태,2007,전체,99.9,PASS
GOMS_002,학교유형별 경제활동 상태,2007,취업자,99.8,PASS
GOMS_002,학교유형별 경제활동 상태,2008,비경활,99.9,PASS
GOMS_002,학교유형별 경제활동 상태,2008,실업자,99.8,PASS
GOMS_002,학교유형별 경제활동 상태,2008,전체,99.8,PASS
GOMS_002,학교유형별 경제활동 상태,2008,취업자,99.9,PASS
GOMS_002,학교유형별 경제활동 상태,2009,비경활,99.8,PASS
GOMS_002,학교유형별 경제활동 상태,2009,실업자,99.89999999999999,PASS
GOMS_002,학교유형별 경제활동 상태,2009,전체,99.9,PASS
GOMS_002,학교유형별 경제활동 상태,2009,취업자,99.8,PASS
GOMS_002,학교유형별 경제활동 상태,2010,비경활,99.9,PASS
GOMS_002,학교유형별 경제활동 상태,2010,실업자,99.8,PASS
GOMS_002,학교유형별 경제활동 상태,2010,전체,99.8,PASS
GOMS_002,학교유형별 경제활동 상태,2010,취업자,99.9,PASS
GOMS_002,학교유형별 경제활동 상태,2011,비경활,99.8,PASS
GOMS_002,학교유형별 경제활동 상태,2011,실업자,99.8,PASS
GOMS_002,학교유형별 경제활동 상태,2011,전체,99.89999999999999,PASS
GOMS_002,학교유형별 경제활동 상태,2011,취업자,99.8,PASS
GOMS_002,학교유형별 경제활동 상태,2012,비경활,99.89999999999999,PASS
GOMS_002,학교유형별 경제활동 상태,2012,실업자,99.8,PASS
GOMS_002,학교유형별 경제활동 상태,2012,전체,99.8,PASS
GOMS_002,학교유형별 경제활동 상태,2012,취업자,99.8,PASS
GOMS_002,학교유형별 경제활동 상태,2013,비경활,99.80000000000001,PASS
GOMS_002,학교유형별 경제활동 상태,2013,실업자,99.9,PASS
GOMS_002,학교유형별 경제활동 상태,2013,전체,99.9,PASS
GOMS_002,학교유형별 경제활동 상태,2013,취업자,99.8,PASS
GOMS_002,학교유형별 경제활동 상태,2014,비경활,99.9,PASS
GOMS_002,학교유형별 경제활동 상태,2014,실업자,99.8,PASS
GOMS_002,학교유형별 경제활동 상태,2014,전체,99.8,PASS
GOMS_002,학교유형별 경제활동 상태,2014,취업자,99.8,PASS
GOMS_002,학교유형별 경제활동 상태,2015,비경활,99.9,PASS
GOMS_002,학교유형별 경제활동 상태,2015,실업자,99.80000000000001,PASS
GOMS_002,학교유형별 경제활동 상태,2015,전체,99.9,PASS
GOMS_002,학교유형별 경제활동 상태,2015,취업자,99.9,PASS
GOMS_002,학교유형별 경제활동 상태,2016,비경활,99.89999999999999,PASS
GOMS_002,학교유형별 경제활동 상태,2016,실업자,99.80000000000001,PASS
GOMS_002,학교유형별 경제활동 상태,2016,전체,99.89999999999999,PASS
GOMS_002,학교유형별 경제활동 상태,2016,취업자,99.8,PASS
GOMS_002,학교유형별 경제활동 상태,2017,비경활,99.89999999999999,PASS
GOMS_002,학교유형별 경제활동 상태,2017,실업자,99.9,PASS
GOMS_002,학교유형별 경제활동 상태,2017,전체,99.80000000000001,PASS
GOMS_002,학교유형별 경제활동 상태,2017,취업자,99.9,PASS
GOMS_002,학교유형별 경제활동 상태,2018,비경활,99.9,PASS
GOMS_002,학교유형별 경제활동 상태,2018,실업자,99.89999999999999,PASS
GOMS_002,학교유형별 경제활동 상태,2018,전체,99.80000000000001,PASS
GOMS_002,학교유형별 경제활동 상태,2018,취업자,99.9,PASS
GOMS_002,학교유형별 경제활동 상태,2019,비경활,99.8,PASS
GOMS_002,학교유형별 경제활동 상태,2019,실업자,99.8,PASS
GOMS_002,학교유형별 경제활동 상태,2019,전체,99.8,PASS
GOMS_002,학교유형별 경제활동 상태,2019,취업자,99.8,PASS
GOMS_003,전공계열별 경제활동 상태,2007,비경활,99.7,PASS
GOMS_003,전공계열별 경제활동 상태,2007,실업자,99.7,PASS
GOMS_003,전공계열별 경제활동 상태,2007,전체,99.7,PASS
GOMS_003,전공계열별 경제활동 상태,2007,취업자,99.6,PASS
GOMS_003,전공계열별 경제활동 상태,2008,비경활,99.8,PASS
GOMS_003,전공계열별 경제활동 상태,2008,실업자,99.6,PASS
GOMS_003,전공계열별 경제활동 상태,2008,전체,99.5,PASS
GOMS_003,전공계열별 경제활동 상태,2008,취업자,99.6,PASS
GOMS_003,전공계열별 경제활동 상태,2009,비경활,99.6,PASS
GOMS_003,전공계열별 경제활동 상태,2009,실업자,99.7,PASS
GOMS_003,전공계열별 경제활동 상태,2009,전체,99.7,PASS
GOMS_003,전공계열별 경제활동 상태,2009,취업자,99.6,PASS
GOMS_003,전공계열별 경제활동 상태,2010,비경활,99.6,PASS
GOMS_003,전공계열별 경제활동 상태,2010,실업자,99.5,PASS
GOMS_003,전공계열별 경제활동 상태,2010,전체,99.6,PASS
GOMS_003,전공계열별 경제활동 상태,2010,취업자,99.60000000000001,PASS
GOMS_003,전공계열별 경제활동 상태,2011,비경활,99.6,PASS
GOMS_003,전공계열별 경제활동 상태,2011,실업자,99.80000000000001,PASS
GOMS_003,전공계열별 경제활동 상태,2011,전체,99.8,PASS
GOMS_003,전공계열별 경제활동 상태,2011,취업자,99.60000000000001,PASS
GOMS_003,전공계열별 경제활동 상태,2012,비경활,99.80000000000001,PASS
GOMS_003,전공계열별 경제활동 상태,2012,실업자,99.6,PASS
GOMS_003,전공계열별 경제활동 상태,2012,전체,99.6,PASS
GOMS_003,전공계열별 경제활동 상태,2012,취업자,99.7,PASS
GOMS_003,전공계열별 경제활동 상태,2013,비경활,99.60000000000001,PASS
GOMS_003,전공계열별 경제활동 상태,2013,실업자,99.6,PASS
GOMS_003,전공계열별 경제활동 상태,2013,전체,99.6,PASS
GOMS_003,전공계열별 경제활동 상태,2013,취업자,99.6,PASS
GOMS_003,전공계열별 경제활동 상태,2014,비경활,99.7,PASS
GOMS_003,전공계열별 경제활동 상태,2014,실업자,99.6,PASS
GOMS_003,전공계열별 경제활동 상태,2014,전체,99.60000000000001,PASS
GOMS_003,전공계열별 경제활동 상태,2014,취업자,99.6,PASS
GOMS_003,전공계열별 경제활동 상태,2015,비경활,99.8,PASS
GOMS_003,전공계열별 경제활동 상태,2015,실업자,99.7,PASS
GOMS_003,전공계열별 경제활동 상태,2015,전체,99.8,PASS
GOMS_003,전공계열별 경제활동 상태,2015,취업자,99.7,PASS
GOMS_003,전공계열별 경제활동 상태,2016,비경활,99.7,PASS
GOMS_003,전공계열별 경제활동 상태,2016,실업자,99.60000000000001,PASS
GOMS_003,전공계열별 경제활동 상태,2016,전체,99.5,PASS
GOMS_003,전공계열별 경제활동 상태,2016,취업자,99.6,PASS
GOMS_003,전공계열별 경제활동 상태,2017,비경활,99.7,PASS
GOMS_003,전공계열별 경제활동 상태,2017,실업자,99.7,PASS
GOMS_003,전공계열별 경제활동 상태,2017,전체,99.6,PASS
GOMS_003,전공계열별 경제활동 상태,2017,취업자,99.6,PASS
GOMS_003,전공계열별 경제활동 상태,2018,비경활,99.6,PASS
GOMS_003,전공계열별 경제활동 상태,2018,실업자,99.5,PASS
GOMS_003,전공계열별 경제활동 상태,2018,전체,99.6,PASS
GOMS_003,전공계열별 경제활동 상태,2018,취업자,99.6,PASS
GOMS_003,전공계열별 경제활동 상태,2019,비경활,99.6,PASS
GOMS_003,전공계열별 경제활동 상태,2019,실업자,99.7,PASS
GOMS_003,전공계열별 경제활동 상태,2019,전체,99.5,PASS
GOMS_003,전공계열별 경제활동 상태,2019,취업자,99.8,PASS
GOMS_004,취업자의 성별 산업 분포,2007,남자,99.10000000000001,PASS
GOMS_004,취업자의 성별 산업 분포,2007,여자,99.2,PASS
GOMS_004,취업자의 성별 산업 분포,2007,전체,98.9,PASS
GOMS_004,취업자의 성별 산업 분포,2008,남자,99.0,PASS
GOMS_004,취업자의 성별 산업 분포,2008,여자,98.9,PASS
GOMS_004,취업자의 성별 산업 분포,2008,전체,98.9,PASS
GOMS_004,취업자의 성별 산업 분포,2009,남자,99.0,PASS
GOMS_004,취업자의 성별 산업 분포,2009,여자,99.1,PASS
GOMS_004,취업자의 성별 산업 분포,2009,전체,99.1,PASS
GOMS_004,취업자의 성별 산업 분포,2010,남자,99.0,PASS
GOMS_004,취업자의 성별 산업 분포,2010,여자,99.1,PASS
GOMS_004,취업자의 성별 산업 분포,2010,전체,99.0,PASS
GOMS_004,취업자의 성별 산업 분포,2011,남자,99.10000000000001,PASS
GOMS_004,취업자의 성별 산업 분포,2011,여자,99.1,PASS
GOMS_004,취업자의 성별 산업 분포,2011,전체,98.8,PASS
GOMS_004,취업자의 성별 산업 분포,2012,남자,99.1,PASS
GOMS_004,취업자의 성별 산업 분포,2012,여자,99.1,PASS
GOMS_004,취업자의 성별 산업 분포,2012,전체,99.0,PASS
GOMS_004,취업자의 성별 산업 분포,2013,남자,99.1,PASS
GOMS_004,취업자의 성별 산업 분포,2013,여자,99.39999999999999,PASS
GOMS_004,취업자의 성별 산업 분포,2013,전체,99.0,PASS
GOMS_004,취업자의 성별 산업 분포,2014,남자,99.0,PASS
GOMS_004,취업자의 성별 산업 분포,2014,여자,99.0,PASS
GOMS_004,취업자의 성별 산업 분포,2014,전체,99.0,PASS
GOMS_004,취업자의 성별 산업 분포,2015,남자,99.2,PASS
GOMS_004,취업자의 성별 산업 분포,2015,여자,99.10000000000001,PASS
GOMS_004,취업자의 성별 산업 분포,2015,전체,99.4,PASS
GOMS_004,취업자의 성별 산업 분포,2016,남자,99.0,PASS
GOMS_004,취업자의 성별 산업 분포,2016,여자,98.9,PASS
GOMS_004,취업자의 성별 산업 분포,2016,전체,99.1,PASS
GOMS_004,취업자의 성별 산업 분포,2017,남자,99.2,PASS
GOMS_004,취업자의 성별 산업 분포,2017,여자,99.10000000000001,PASS
GOMS_004,취업자의 성별 산업 분포,2017,전체,99.1,PASS
GOMS_004,취업자의 성별 산업 분포,2018,남자,98.9,PASS
GOMS_004,취업자의 성별 산업 분포,2018,여자,98.9,PASS
GOMS_004,취업자의 성별 산업 분포,2018,전체,98.9,PASS
GOMS_004,취업자의 성별 산업 분포,2019,남자,99.0,PASS
GOMS_004,취업자의 성별 산업 분포,2019,여자,99.1,PASS
GOMS_004,취업자의 성별 산업 분포,2019,전체,99.0,PASS
GOMS_005,취업자의 학교유형별 산업 분포,2007,4년제,99.0,PASS
GOMS_005,취업자의 학교유형별 산업 분포,2007,교육대,99.9,PASS
GOMS_005,취업자의 학교유형별 산업 분포,2007,전문대,98.9,PASS
GOMS_005,취업자의 학교유형별 산업 분포,2007,전체,98.9,PASS
GOMS_005,취업자의 학교유형별 산업 분포,2008,4년제,98.8,PASS
GOMS_005,취업자의 학교유형별 산업 분포,2008,교육대,99.8,PASS
GOMS_005,취업자의 학교유형별 산업 분포,2008,전문대,99.30000000000001,PASS
GOMS_005,취업자의 학교유형별 산업 분포,2008,전체,98.9,PASS
GOMS_005,취업자의 학교유형별 산업 분포,2009,4년제,98.9,PASS
GOMS_005,취업자의 학교유형별 산업 분포,2009,교육대,99.8,PASS
GOMS_005,취업자의 학교유형별 산업 분포,2009,전문대,99.3,PASS
GOMS_005,취업자의 학교유형별 산업 분포,2009,전체,99.1,PASS
GOMS_005,취업자의 학교유형별 산업 분포,2010,4년제,99.1,PASS
GOMS_005,취업자의 학교유형별 산업 분포,2010,교육대,99.89999999999999,PASS
GOMS_005,취업자의 학교유형별 산업 분포,2010,전문대,99.0,PASS
GOMS_005,취업자의 학교유형별 산업 분포,2010,전체,99.0,PASS
GOMS_005,취업자의 학교유형별 산업 분포,2011,4년제,99.0,PASS
GOMS_005,취업자의 학교유형별 산업 분포,2011,교육대,99.60000000000001,PASS
GOMS_005,취업자의 학교유형별 산업 분포,2011,전문대,98.8,PASS
GOMS_005,취업자의 학교유형별 산업 분포,2011,전체,98.8,PASS
GOMS_005,취업자의 학교유형별 산업 분포,2012,4년제,99.0,PASS
GOMS_005,취업자의 학교유형별 산업 분포,2012,교육대,99.80000000000001,PASS
GOMS_005,취업자의 학교유형별 산업 분포,2012,전문대,98.9,PASS
GOMS_005,취업자의 학교유형별 산업 분포,2012,전체,99.0,PASS
GOMS_005,취업자의 학교유형별 산업 분포,2013,4년제,99.1,PASS
GOMS_005,취업자의 학교유형별 산업 분포,2013,교육대,99.8,PASS
GOMS_005,취업자의 학교유형별 산업 분포,2013,전문대,99.1,PASS
GOMS_005,취업자의 학교유형별 산업 분포,2013,전체,99.0,PASS
GOMS_005,취업자의 학교유형별 산업 분포,2014,4년제,99.1,PASS
GOMS_005,취업자의 학교유형별 산업 분포,2014,교육대,99.69999999999999,PASS
GOMS_005,취업자의 학교유형별 산업 분포,2014,전문대,99.2,PASS
GOMS_005,취업자의 학교유형별 산업 분포,2014,전체,99.0,PASS
GOMS_005,취업자의 학교유형별 산업 분포,2015,4년제,99.0,PASS
GOMS_005,취업자의 학교유형별 산업 분포,2015,교육대,99.8,PASS
GOMS_005,취업자의 학교유형별 산업 분포,2015,전문대,99.2,PASS
GOMS_005,취업자의 학교유형별 산업 분포,2015,전체,99.4,PASS
GOMS_005,취업자의 학교유형별 산업 분포,2016,4년제,99.1,PASS
GOMS_005,취업자의 학교유형별 산업 분포,2016,교육대,99.8,PASS
GOMS_005,취업자의 학교유형별 산업 분포,2016,전문대,99.0,PASS
GOMS_005,취업자의 학교유형별 산업 분포,2016,전체,99.1,PASS
GOMS_005,취업자의 학교유형별 산업 분포,2017,4년제,98.9,PASS
GOMS_005,취업자의 학교유형별 산업 분포,2017,교육대,99.89999999999999,PASS
GOMS_005,취업자의 학교유형별 산업 분포,2017,전문대,99.10000000000001,PASS
GOMS_005,취업자의 학교유형별 산업 분포,2017,전체,99.1,PASS
GOMS_005,취업자의 학교유형별 산업 분포,2018,4년제,99.1,PASS
GOMS_005,취업자의 학교유형별 산업 분포,2018,교육대,99.7,PASS
GOMS_005,취업자의 학교유형별 산업 분포,2018,전문대,99.2,PASS
GOMS_005,취업자의 학교유형별 산업 분포,2018,전체,98.9,PASS
GOMS_005,취업자의 학교유형별 산업 분포,2019,4년제,99.0,PASS
GOMS_005,취업자의 학교유형별 산업 분포,2019,교육대,99.89999999999999,PASS
GOMS_005,취업자의 학교유형별 산업 분포,2019,전문대,99.0,PASS
GOMS_005,취업자의 학교유형별 산업 분포,2019,전체,99.0,PASS
GOMS_006,취업자의 전공별 산업 분포,2007,공학,98.9,PASS
GOMS_006,취업자의 전공별 산업 분포,2007,교육,99.1,PASS
GOMS_006,취업자의 전공별 산업 분포,2007,사회,98.8,PASS
GOMS_006,취업자의 전공별 산업 분포,2007,예체능,98.9,PASS
GOMS_006,취업자의 전공별 산업 분포,2007,의약,99.2,PASS
GOMS_006,취업자의 전공별 산업 분포,2007,인문,99.10000000000001,PASS
GOMS_006,취업자의 전공별 산업 분포,2007,자연,98.9,PASS
GOMS_006,취업자의 전공별 산업 분포,2007,전체,98.9,PASS
GOMS_006,취업자의 전공별 산업 분포,2008,공학,99.2,PASS
GOMS_006,취업자의 전공별 산업 분포,2008,교육,99.2,PASS
GOMS_006,취업자의 전공별 산업 분포,2008,사회,99.1,PASS
GOMS_006,취업자의 전공별 산업 분포,2008,예체능,99.0,PASS
GOMS_006,취업자의 전공별 산업 분포,2008,의약,99.4,PASS
GOMS_006,취업자의 전공별 산업 분포,2008,인문,99.2,PASS
GOMS_006,취업자의 전공별 산업 분포,2008,자연,99.1,PASS
GOMS_006,취업자의 전공별 산업 분포,2008,전체,98.9,PASS
GOMS_006,취업자의 전공별 산업 분포,2009,공학,99.3,PASS
GOMS_006,취업자의 전공별 산업 분포,2009,교육,99.2,PASS
GOMS_006,취업자의 전공별 산업 분포,2009,사회,98.9,PASS
GOMS_006,취업자의 전공별 산업 분포,2009,예체능,98.9,PASS
GOMS_006,취업자의 전공별 산업 분포,2009,의약,99.2,PASS
GOMS_006,취업자의 전공별 산업 분포,2009,인문,98.89999999999999,PASS
GOMS_006,취업자의 전공별 산업 분포,2009,자연,99.10000000000001,PASS
GOMS_006,취업자의 전공별 산업 분포,2009,전체,99.1,PASS
GOMS_006,취업자의 전공별 산업 분포,2010,공학,98.89999999999999,PASS
GOMS_006,취업자의 전공별 산업 분포,2010,교육,99.3,PASS
GOMS_006,취업자의 전공별 산업 분포,2010,사회,99.1,PASS
GOMS_006,취업자의 전공별 산업 분포,2010,예체능,98.8,PASS
GOMS_006,취업자의 전공별 산업 분포,2010,의약,99.19999999999999,PASS
GOMS_006,취업자의 전공별 산업 분포,2010,인문,98.89999999999999,PASS
GOMS_006,취업자의 전공별 산업 분포,2010,자연,99.3,PASS
GOMS_006,취업자의 전공별 산업 분포,2010,전체,99.0,PASS
GOMS_006,취업자의 전공별 산업 분포,2011,공학,99.0,PASS
GOMS_006,취업자의 전공별 산업 분포,2011,교육,99.2,PASS
GOMS_006,취업자의 전공별 산업 분포,2011,사회,98.8,PASS
GOMS_006,취업자의 전공별 산업 분포,2011,예체능,99.2,PASS
GOMS_006,취업자의 전공별 산업 분포,2011,의약,99.10000000000001,PASS
GOMS_006,취업자의 전공별 산업 분포,2011,인문,98.9,PASS
GOMS_006,취업자의 전공별 산업 분포,2011,자연,98.9,PASS
GOMS_006,취업자의 전공별 산업 분포,2011,전체,98.8,PASS
GOMS_006,취업자의 전공별 산업 분포,2012,공학,99.2,PASS
GOMS_006,취업자의 전공별 산업 분포,2012,교육,99.10000000000001,PASS
GOMS_006,취업자의 전공별 산업 분포,2012,사회,99.10000000000001,PASS
GOMS_006,취업자의 전공별 산업 분포,2012,예체능,98.8,PASS
GOMS_006,취업자의 전공별 산업 분포,2012,의약,98.89999999999999,PASS
GOMS_006,취업자의 전공별 산업 분포,2012,인문,99.1,PASS
GOMS_006,취업자의 전공별 산업 분포,2012,자연,99.10000000000001,PASS
GOMS_006,취업자의 전공별 산업 분포,2012,전체,99.0,PASS
GOMS_006,취업자의 전공별 산업 분포,2013,공학,99.0,PASS
GOMS_006,취업자의 전공별 산업 분포,2013,교육,99.30000000000001,PASS
GOMS_006,취업자의 전공별 산업 분포,2013,사회,99.2,PASS
GOMS_006,취업자의 전공별 산업 분포,2013,예체능,99.1,PASS
GOMS_006,취업자의 전공별 산업 분포,2013,의약,99.1,PASS
GOMS_006,취업자의 전공별 산업 분포,2013,인문,99.2,PASS
GOMS_006,취업자의 전공별 산업 분포,2013,자연,99.0,PASS
GOMS_006,취업자의 전공별 산업 분포,2013,전체,99.0,PASS
GOMS_006,취업자의 전공별 산업 분포,2014,공학,99.0,PASS
GOMS_006,취업자의 전공별 산업 분포,2014,교육,99.1,PASS
GOMS_006,취업자의 전공별 산업 분포,2014,사회,99.3,PASS
GOMS_006,취업자의 전공별 산업 분포,2014,예체능,99.0,PASS
GOMS_006,취업자의 전공별 산업 분포,2014,의약,99.5,PASS
GOMS_006,취업자의 전공별 산업 분포,2014,인문,99.2,PASS
GOMS_006,취업자의 전공별 산업 분포,2014,자연,98.9,PASS
GOMS_006,취업자의 전공별 산업 분포,2014,전체,99.0,PASS
GOMS_006,취업자의 전공별 산업 분포,2015,공학,99.2,PASS
GOMS_006,취업자의 전공별 산업 분포,2015,교육,99.39999999999999,PASS
GOMS_006,취업자의 전공별 산업 분포,2015,사회,99.3,PASS
GOMS_006,취업자의 전공별 산업 분포,2015,예체능,99.19999999999999,PASS
GOMS_006,취업자의 전공별 산업 분포,2015,의약,99.1,PASS
GOMS_006,취업자의 전공별 산업 분포,2015,인문,99.0,PASS
GOMS_006,취업자의 전공별 산업 분포,2015,자연,99.0,PASS
GOMS_006,취업자의 전공별 산업 분포,2015,전체,99.4,PASS
GOMS_006,취업자의 전공별 산업 분포,2016,공학,98.89999999999999,PASS
GOMS_006,취업자의 전공별 산업 분포,2016,교육,99.4,PASS
GOMS_006,취업자의 전공별 산업 분포,2016,사회,99.1,PASS
GOMS_006,취업자의 전공별 산업 분포,2016,예체능,99.10000000000001,PASS
GOMS_006,취업자의 전공별 산업 분포,2016,의약,99.2,PASS
GOMS_006,취업자의 전공별 산업 분포,2016,인문,99.0,PASS
GOMS_006,취업자의 전공별 산업 분포,2016,자연,99.0,PASS
GOMS_006,취업자의 전공별 산업 분포,2016,전체,99.1,PASS
GOMS_006,취업자의 전공별 산업 분포,2017,공학,99.3,PASS
GOMS_006,취업자의 전공별 산업 분포,2017,교육,99.0,PASS
GOMS_006,취업자의 전공별 산업 분포,2017,사회,99.2,PASS
GOMS_006,취업자의 전공별 산업 분포,2017,예체능,99.0,PASS
GOMS_006,취업자의 전공별 산업 분포,2017,의약,99.3,PASS
GOMS_006,취업자의 전공별 산업 분포,2017,인문,99.3,PASS
GOMS_006,취업자의 전공별 산업 분포,2017,자연,98.9,PASS
GOMS_006,취업자의 전공별 산업 분포,2017,전체,99.1,PASS
GOMS_006,취업자의 전공별 산업 분포,2018,공학,99.1,PASS
GOMS_006,취업자의 전공별 산업 분포,2018,교육,99.0,PASS
GOMS_006,취업자의 전공별 산업 분포,2018,사회,99.10000000000001,PASS
GOMS_006,취업자의 전공별 산업 분포,2018,예체능,99.1,PASS
GOMS_006,취업자의 전공별 산업 분포,2018,의약,99.2,PASS
GOMS_006,취업자의 전공별 산업 분포,2018,인문,99.0,PASS
GOMS_006,취업자의 전공별 산업 분포,2018,자연,99.2,PASS
GOMS_006,취업자의 전공별 산업 분포,2018,전체,98.9,PASS
GOMS_006,취업자의 전공별 산업 분포,2019,공학,99.1,PASS
GOMS_006,취업자의 전공별 산업 분포,2019,교육,99.1,PASS
GOMS_006,취업자의 전공별 산업 분포,2019,사회,98.9,PASS
GOMS_006,취업자의 전공별 산업 분포,2019,예체능,99.2,PASS
GOMS_006,취업자의 전공별 산업 분포,2019,의약,99.3,PASS
GOMS_006,취업자의 전공별 산업 분포,2019,인문,99.0,PASS
GOMS_006,취업자의 전공별 산업 분포,2019,자연,99.0,PASS
GOMS_006,취업자의 전공별 산업 분포,2019,전체,99.0,PASS
GOMS_007,취업자의 성별 직업 분포(~2016),2007,남자,99.0,PASS
GOMS_007,취업자의 성별 직업 분포(~2016),2007,여자,98.5,PASS
GOMS_007,취업자의 성별 직업 분포(~2016),2007,전체,99.10000000000001,PASS
GOMS_007,취업자의 성별 직업 분포(~2016),2008,남자,98.60000000000001,PASS
GOMS_007,취업자의 성별 직업 분포(~2016),2008,여자,98.7,PASS
GOMS_007,취업자의 성별 직업 분포(~2016),2008,전체,98.3,PASS
GOMS_007,취업자의 성별 직업 분포(~2016),2009,남자,98.89999999999999,PASS
GOMS_007,취업자의 성별 직업 분포(~2016),2009,여자,98.8,PASS
GOMS_007,취업자의 성별 직업 분포(~2016),2009,전체,98.7,PASS
GOMS_007,취업자의 성별 직업 분포(~2016),2010,남자,99.0,PASS
GOMS_007,취업자의 성별 직업 분포(~2016),2010,여자,99.0,PASS
GOMS_007,취업자의 성별 직업 분포(~2016),2010,전체,98.7,PASS
GOMS_007,취업자의 성별 직업 분포(~2016),2011,남자,98.8,PASS
GOMS_007,취업자의 성별 직업 분포(~2016),2011,여자,98.9,PASS
GOMS_007,취업자의 성별 직업 분포(~2016),2011,전체,99.0,PASS
GOMS_007,취업자의 성별 직업 분포(~2016),2012,남자,98.9,PASS
GOMS_007,취업자의 성별 직업 분포(~2016),2012,여자,98.7,PASS
GOMS_007,취업자의 성별 직업 분포(~2016),2012,전체,98.7,PASS
GOMS_007,취업자의 성별 직업 분포(~2016),2013,남자,98.7,PASS
GOMS_007,취업자의 성별 직업 분포(~2016),2013,여자,98.7,PASS
GOMS_007,취업자의 성별 직업 분포(~2016),2013,전체,99.0,PASS
GOMS_007,취업자의 성별 직업 분포(~2016),2014,남자,98.7,PASS
GOMS_007,취업자의 성별 직업 분포(~2016),2014,여자,98.6,PASS
GOMS_007,취업자의 성별 직업 분포(~2016),2014,전체,98.89999999999999,PASS
GOMS_007,취업자의 성별 직업 분포(~2016),2015,남자,98.7,PASS
GOMS_007,취업자의 성별 직업 분포(~2016),2015,여자,99.10000000000001,PASS
GOMS_007,취업자의 성별 직업 분포(~2016),2015,전체,98.5,PASS
GOMS_007,취업자의 성별 직업 분포(~2016),2016,남자,98.9,PASS
GOMS_007,취업자의 성별 직업 분포(~2016),2016,여자,98.7,PASS
GOMS_007,취업자의 성별 직업 분포(~2016),2016,전체,98.8,PASS
GOMS_008,취업자의 성별 직업 분포(2017~),2017,남자,99.5,PASS
GOMS_008,취업자의 성별 직업 분포(2017~),2017,여자,99.6,PASS
GOMS_008,취업자의 성별 직업 분포(2017~),2017,전체,99.5,PASS
GOMS_008,취업자의 성별 직업 분포(2017~),2018,남자,99.39999999999999,PASS
GOMS_008,취업자의 성별 직업 분포(2017~),2018,여자,99.6,PASS
GOMS_008,취업자의 성별 직업 분포(2017~),2018,전체,99.5,PASS
GOMS_008,취업자의 성별 직업 분포(2017~),2019,남자,99.5,PASS
GOMS_008,취업자의 성별 직업 분포(2017~),2019,여자,99.39999999999999,PASS
GOMS_008,취업자의 성별 직업 분포(2017~),2019,전체,99.5,PASS
GOMS_009,취업자의 학교유형별 직업 분포(~2016),2007,4년제,98.8,PASS
GOMS_009,취업자의 학교유형별 직업 분포(~2016),2007,교육대,99.9,PASS
GOMS_009,취업자의 학교유형별 직업 분포(~2016),2007,전문대,98.9,PASS
GOMS_009,취업자의 학교유형별 직업 분포(~2016),2007,전체,99.10000000000001,PASS
GOMS_009,취업자의 학교유형별 직업 분포(~2016),2008,4년제,99.0,PASS
GOMS_009,취업자의 학교유형별 직업 분포(~2016),2008,교육대,99.8,PASS
GOMS_009,취업자의 학교유형별 직업 분포(~2016),2008,전문대,98.8,PASS
GOMS_009,취업자의 학교유형별 직업 분포(~2016),2008,전체,98.3,PASS
GOMS_009,취업자의 학교유형별 직업 분포(~2016),2009,4년제,98.9,PASS
GOMS_009,취업자의 학교유형별 직업 분포(~2016),2009,교육대,99.80000000000001,PASS
GOMS_009,취업자의 학교유형별 직업 분포(~2016),2009,전문대,98.8,PASS
GOMS_009,취업자의 학교유형별 직업 분포(~2016),2009,전체,98.7,PASS
GOMS_009,취업자의 학교유형별 직업 분포(~2016),2010,4년제,98.8,PASS
GOMS_009,취업자의 학교유형별 직업 분포(~2016),2010,교육대,99.89999999999999,PASS
GOMS_009,취업자의 학교유형별 직업 분포(~2016),2010,전문대,98.7,PASS
GOMS_009,취업자의 학교유형별 직업 분포(~2016),2010,전체,98.7,PASS
GOMS_009,취업자의 학교유형별 직업 분포(~2016),2011,4년제,99.0,PASS
GOMS_009,취업자의 학교유형별 직업 분포(~2016),2011,교육대,99.60000000000001,PASS
GOMS_009,취업자의 학교유형별 직업 분포(~2016),2011,전문대,98.60000000000001,PASS
GOMS_009,취업자의 학교유형별 직업 분포(~2016),2011,전체,99.0,PASS
GOMS_009,취업자의 학교유형별 직업 분포(~2016),2012,4년제,98.9,PASS
GOMS_009,취업자의 학교유형별 직업 분포(~2016),2012,교육대,99.7,PASS
GOMS_009,취업자의 학교유형별 직업 분포(~2016),2012,전문대,98.69999999999999,PASS
GOMS_009,취업자의 학교유형별 직업 분포(~2016),2012,전체,98.7,PASS
GOMS_009,취업자의 학교유형별 직업 분포(~2016),2013,4년제,98.9,PASS
GOMS_009,취업자의 학교유형별 직업 분포(~2016),2013,교육대,99.7,PASS
GOMS_009,취업자의 학교유형별 직업 분포(~2016),2013,전문대,98.89999999999999,PASS
GOMS_009,취업자의 학교유형별 직업 분포(~2016),2013,전체,99.0,PASS
GOMS_009,취업자의 학교유형별 직업 분포(~2016),2014,4년제,98.8,PASS
GOMS_009,취업자의 학교유형별 직업 분포(~2016),2014,교육대,99.80000000000001,PASS
GOMS_009,취업자의 학교유형별 직업 분포(~2016),2014,전문대,98.8,PASS
GOMS_009,취업자의 학교유형별 직업 분포(~2016),2014,전체,98.89999999999999,PASS
GOMS_009,취업자의 학교유형별 직업 분포(~2016),2015,4년제,98.7,PASS
GOMS_009,취업자의 학교유형별 직업 분포(~2016),2015,교육대,99.8,PASS
GOMS_009,취업자의 학교유형별 직업 분포(~2016),2015,전문대,98.89999999999999,PASS
GOMS_009,취업자의 학교유형별 직업 분포(~2016),2015,전체,98.5,PASS
GOMS_009,취업자의 학교유형별 직업 분포(~2016),2016,4년제,98.6,PASS
GOMS_009,취업자의 학교유형별 직업 분포(~2016),2016,교육대,99.9,PASS
GOMS_009,취업자의 학교유형별 직업 분포(~2016),2016,전문대,98.60000000000001,PASS
GOMS_009,취업자의 학교유형별 직업 분포(~2016),2016,전체,98.8,PASS
GOMS_010,취업자의 학교유형별 직업 분포(2017~),2017,4년제,99.60000000000001,PASS
GOMS_010,취업자의 학교유형별 직업 분포(2017~),2017,교육대,100.0,PASS
GOMS_010,취업자의 학교유형별 직업 분포(2017~),2017,전문대,99.5,PASS
GOMS_010,취업자의 학교유형별 직업 분포(2017~),2017,전체,99.5,PASS
GOMS_010,취업자의 학교유형별 직업 분포(2017~),2018,4년제,99.5,PASS
GOMS_010,취업자의 학교유형별 직업 분포(2017~),2018,교육대,99.8,PASS
GOMS_010,취업자의 학교유형별 직업 분포(2017~),2018,전문대,99.60000000000001,PASS
GOMS_010,취업자의 학교유형별 직업 분포(2017~),2018,전체,99.5,PASS
GOMS_010,취업자의 학교유형별 직업 분포(2017~),2019,4년제,99.5,PASS
GOMS_010,취업자의 학교유형별 직업 분포(2017~),2019,교육대,99.89999999999999,PASS
GOMS_010,취업자의 학교유형별 직업 분포(2017~),2019,전문대,99.6,PASS
GOMS_010,취업자의 학교유형별 직업 분포(2017~),2019,전체,99.5,PASS
GOMS_011,취업자의 전공별 직업 분포(~2016),2007,공학,98.7,PASS
GOMS_011,취업자의 전공별 직업 분포(~2016),2007,교육,99.0,PASS
GOMS_011,취업자의 전공별 직업 분포(~2016),2007,사회,98.7,PASS
GOMS_011,취업자의 전공별 직업 분포(~2016),2007,예체능,98.8,PASS
GOMS_011,취업자의 전공별 직업 분포(~2016),2007,의약,99.1,PASS
GOMS_011,취업자의 전공별 직업 분포(~2016),2007,인문,98.7,PASS
GOMS_011,취업자의 전공별 직업 분포(~2016),2007,자연,98.9,PASS
GOMS_011,취업자의 전공별 직업 분포(~2016),2007,전체,99.10000000000001,PASS
GOMS_011,취업자의 전공별 직업 분포(~2016),2008,공학,98.9,PASS
GOMS_011,취업자의 전공별 직업 분포(~2016),2008,교육,99.2,PASS
GOMS_011,취업자의 전공별 직업 분포(~2016),2008,사회,98.89999999999999,PASS
GOMS_011,취업자의 전공별 직업 분포(~2016),2008,예체능,99.0,PASS
GOMS_011,취업자의 전공별 직업 분포(~2016),2008,의약,98.8,PASS
GOMS_011,취업자의 전공별 직업 분포(~2016),2008,인문,99.1,PASS
GOMS_011,취업자의 전공별 직업 분포(~2016),2008,자연,99.2,PASS
GOMS_011,취업자의 전공별 직업 분포(~2016),2008,전체,98.3,PASS
GOMS_011,취업자의 전공별 직업 분포(~2016),2009,공학,98.6,PASS
GOMS_011,취업자의 전공별 직업 분포(~2016),2009,교육,99.2,PASS
GOMS_011,취업자의 전공별 직업 분포(~2016),2009,사회,98.6,PASS
GOMS_011,취업자의 전공별 직업 분포(~2016),2009,예체능,98.8,PASS
GOMS_011,취업자의 전공별 직업 분포(~2016),2009,의약,99.0,PASS
GOMS_011,취업자의 전공별 직업 분포(~2016),2009,인문,98.9,PASS
GOMS_011,취업자의 전공별 직업 분포(~2016),2009,자연,98.8,PASS
GOMS_011,취업자의 전공별 직업 분포(~2016),2009,전체,98.7,PASS
GOMS_011,취업자의 전공별 직업 분포(~2016),2010,공학,98.7,PASS
GOMS_011,취업자의 전공별 직업 분포(~2016),2010,교육,99.2,PASS
GOMS_011,취업자의 전공별 직업 분포(~2016),2010,사회,98.80000000000001,PASS
GOMS_011,취업자의 전공별 직업 분포(~2016),2010,예체능,98.9,PASS
GOMS_011,취업자의 전공별 직업 분포(~2016),2010,의약,98.89999999999999,PASS
GOMS_011,취업자의 전공별 직업 분포(~2016),2010,인문,98.8,PASS
GOMS_011,취업자의 전공별 직업 분포(~2016),2010,자연,99.0,PASS
GOMS_011,취업자의 전공별 직업 분포(~2016),2010,전체,98.7,PASS
GOMS_011,취업자의 전공별 직업 분포(~2016),2011,공학,98.8,PASS
GOMS_011,취업자의 전공별 직업 분포(~2016),2011,교육,98.9,PASS
GOMS_011,취업자의 전공별 직업 분포(~2016),2011,사회,98.8,PASS
GOMS_011,취업자의 전공별 직업 분포(~2016),2011,예체능,99.0,PASS
GOMS_011,취업자의 전공별 직업 분포(~2016),2011,의약,99.10000000000001,PASS
GOMS_011,취업자의 전공별 직업 분포(~2016),2011,인문,98.8,PASS
GOMS_011,취업자의 전공별 직업 분포(~2016),2011,자연,98.7,PASS
GOMS_011,취업자의 전공별 직업 분포(~2016),2011,전체,99.0,PASS
GOMS_011,취업자의 전공별 직업 분포(~2016),2012,공학,99.10000000000001,PASS
GOMS_011,취업자의 전공별 직업 분포(~2016),2012,교육,99.0,PASS
GOMS_011,취업자의 전공별 직업 분포(~2016),2012,사회,98.7,PASS
GOMS_011,취업자의 전공별 직업 분포(~2016),2012,예체능,98.60000000000001,PASS
GOMS_011,취업자의 전공별 직업 분포(~2016),2012,의약,98.9,PASS
GOMS_011,취업자의 전공별 직업 분포(~2016),2012,인문,98.8,PASS
GOMS_011,취업자의 전공별 직업 분포(~2016),2012,자연,98.5,PASS
GOMS_011,취업자의 전공별 직업 분포(~2016),2012,전체,98.7,PASS
GOMS_011,취업자의 전공별 직업 분포(~2016),2013,공학,99.0,PASS
GOMS_011,취업자의 전공별 직업 분포(~2016),2013,교육,99.0,PASS
GOMS_011,취업자의 전공별 직업 분포(~2016),2013,사회,98.7,PASS
GOMS_011,취업자의 전공별 직업 분포(~2016),2013,예체능,98.9,PASS
GOMS_011,취업자의 전공별 직업 분포(~2016),2013,의약,99.0,PASS
GOMS_011,취업자의 전공별 직업 분포(~2016),2013,인문,98.69999999999999,PASS
GOMS_011,취업자의 전공별 직업 분포(~2016),2013,자연,99.0,PASS
GOMS_011,취업자의 전공별 직업 분포(~2016),2013,전체,99.0,PASS
GOMS_011,취업자의 전공별 직업 분포(~2016),2014,공학,98.60000000000001,PASS
GOMS_011,취업자의 전공별 직업 분포(~2016),2014,교육,99.3,PASS
GOMS_011,취업자의 전공별 직업 분포(~2016),2014,사회,98.8,PASS
GOMS_011,취업자의 전공별 직업 분포(~2016),2014,예체능,99.0,PASS
GOMS_011,취업자의 전공별 직업 분포(~2016),2014,의약,99.1,PASS
GOMS_011,취업자의 전공별 직업 분포(~2016),2014,인문,98.9,PASS
GOMS_011,취업자의 전공별 직업 분포(~2016),2014,자연,98.7,PASS
GOMS_011,취업자의 전공별 직업 분포(~2016),2014,전체,98.89999999999999,PASS
GOMS_011,취업자의 전공별 직업 분포(~2016),2015,공학,98.8,PASS
GOMS_011,취업자의 전공별 직업 분포(~2016),2015,교육,99.0,PASS
GOMS_011,취업자의 전공별 직업 분포(~2016),2015,사회,98.9,PASS
GOMS_011,취업자의 전공별 직업 분포(~2016),2015,예체능,99.0,PASS
GOMS_011,취업자의 전공별 직업 분포(~2016),2015,의약,99.10000000000001,PASS
GOMS_011,취업자의 전공별 직업 분포(~2016),2015,인문,98.7,PASS
GOMS_011,취업자의 전공별 직업 분포(~2016),2015,자연,98.89999999999999,PASS
GOMS_011,취업자의 전공별 직업 분포(~2016),2015,전체,98.5,PASS
GOMS_011,취업자의 전공별 직업 분포(~2016),2016,공학,98.8,PASS
GOMS_011,취업자의 전공별 직업 분포(~2016),2016,교육,99.2,PASS
GOMS_011,취업자의 전공별 직업 분포(~2016),2016,사회,98.9,PASS
GOMS_011,취업자의 전공별 직업 분포(~2016),2016,예체능,98.8,PASS
GOMS_011,취업자의 전공별 직업 분포(~2016),2016,의약,98.99999999999999,PASS
GOMS_011,취업자의 전공별 직업 분포(~2016),2016,인문,99.0,PASS
GOMS_011,취업자의 전공별 직업 분포(~2016),2016,자연,98.7,PASS
GOMS_011,취업자의 전공별 직업 분포(~2016),2016,전체,98.8,PASS
GOMS_012,취업자의 전공별 직업 분포(2017~),2017,공학,99.5,PASS
GOMS_012,취업자의 전공별 직업 분포(2017~),2017,교육,99.8,PASS
GOMS_012,취업자의 전공별 직업 분포(2017~),2017,사회,99.6,PASS
GOMS_012,취업자의 전공별 직업 분포(2017~),2017,예체능,99.39999999999999,PASS
GOMS_012,취업자의 전공별 직업 분포(2017~),2017,의약,99.3,PASS
GOMS_012,취업자의 전공별 직업 분포(2017~),2017,인문,99.5,PASS
GOMS_012,취업자의 전공별 직업 분포(2017~),2017,자연,99.4,PASS
GOMS_012,취업자의 전공별 직업 분포(2017~),2017,전체,99.5,PASS
GOMS_012,취업자의 전공별 직업 분포(2017~),2018,공학,99.6,PASS
GOMS_012,취업자의 전공별 직업 분포(2017~),2018,교육,99.7,PASS
GOMS_012,취업자의 전공별 직업 분포(2017~),2018,사회,99.6,PASS
GOMS_012,취업자의 전공별 직업 분포(2017~),2018,예체능,99.6,PASS
GOMS_012,취업자의 전공별 직업 분포(2017~),2018,의약,99.6,PASS
GOMS_012,취업자의 전공별 직업 분포(2017~),2018,인문,99.6,PASS
GOMS_012,취업자의 전공별 직업 분포(2017~),2018,자연,99.4,PASS
GOMS_012,취업자의 전공별 직업 분포(2017~),2018,전체,99.5,PASS
GOMS_012,취업자의 전공별 직업 분포(2017~),2019,공학,99.4,PASS
GOMS_012,취업자의 전공별 직업 분포(2017~),2019,교육,99.60000000000001,PASS
GOMS_012,취업자의 전공별 직업 분포(2017~),2019,사회,99.4,PASS
GOMS_012,취업자의 전공별 직업 분포(2017~),2019,예체능,99.60000000000001,PASS
GOMS_012,취업자의 전공별 직업 분포(2017~),2019,의약,99.60000000000001,PASS
GOMS_012,취업자의 전공별 직업 분포(2017~),2019,인문,99.5,PASS
GOMS_012,취업자의 전공별 직업 분포(2017~),2019,자연,99.5,PASS
GOMS_012,취업자의 전공별 직업 분포(2017~),2019,전체,99.5,PASS
GOMS_013,취업자의 성별 사업체 규모,2007,남자,99.7,PASS
GOMS_013,취업자의 성별 사업체 규모,2007,여자,99.5,PASS
GOMS_013,취업자의 성별 사업체 규모,2007,전체,99.6,PASS
GOMS_013,취업자의 성별 사업체 규모,2008,남자,99.6,PASS
GOMS_013,취업자의 성별 사업체 규모,2008,여자,99.6,PASS
GOMS_013,취업자의 성별 사업체 규모,2008,전체,99.7,PASS
GOMS_013,취업자의 성별 사업체 규모,2009,남자,99.6,PASS
GOMS_013,취업자의 성별 사업체 규모,2009,여자,99.5,PASS
GOMS_013,취업자의 성별 사업체 규모,2009,전체,99.5,PASS
GOMS_013,취업자의 성별 사업체 규모,2010,남자,99.5,PASS
GOMS_013,취업자의 성별 사업체 규모,2010,여자,99.4,PASS
GOMS_013,취업자의 성별 사업체 규모,2010,전체,99.5,PASS
GOMS_013,취업자의 성별 사업체 규모,2011,남자,99.7,PASS
GOMS_013,취업자의 성별 사업체 규모,2011,여자,99.5,PASS
GOMS_013,취업자의 성별 사업체 규모,2011,전체,99.7,PASS
GOMS_013,취업자의 성별 사업체 규모,2012,남자,99.6,PASS
GOMS_013,취업자의 성별 사업체 규모,2012,여자,99.5,PASS
GOMS_013,취업자의 성별 사업체 규모,2012,전체,99.5,PASS
GOMS_013,취업자의 성별 사업체 규모,2013,남자,99.4,PASS
GOMS_013,취업자의 성별 사업체 규모,2013,여자,99.6,PASS
GOMS_013,취업자의 성별 사업체 규모,2013,전체,99.6,PASS
GOMS_013,취업자의 성별 사업체 규모,2014,남자,99.5,PASS
GOMS_013,취업자의 성별 사업체 규모,2014,여자,99.5,PASS
GOMS_013,취업자의 성별 사업체 규모,2014,전체,99.4,PASS
GOMS_013,취업자의 성별 사업체 규모,2015,남자,99.6,PASS
GOMS_013,취업자의 성별 사업체 규모,2015,여자,99.6,PASS
GOMS_013,취업자의 성별 사업체 규모,2015,전체,99.6,PASS
GOMS_013,취업자의 성별 사업체 규모,2016,남자,99.5,PASS
GOMS_013,취업자의 성별 사업체 규모,2016,여자,99.5,PASS
GOMS_013,취업자의 성별 사업체 규모,2016,전체,99.6,PASS
GOMS_013,취업자의 성별 사업체 규모,2017,남자,99.5,PASS
GOMS_013,취업자의 성별 사업체 규모,2017,여자,99.60000000000001,PASS
GOMS_013,취업자의 성별 사업체 규모,2017,전체,99.5,PASS
GOMS_013,취업자의 성별 사업체 규모,2018,남자,99.5,PASS
GOMS_013,취업자의 성별 사업체 규모,2018,여자,99.60000000000001,PASS
GOMS_013,취업자의 성별 사업체 규모,2018,전체,99.6,PASS
GOMS_013,취업자의 성별 사업체 규모,2019,남자,99.5,PASS
GOMS_013,취업자의 성별 사업체 규모,2019,여자,99.6,PASS
GOMS_013,취업자의 성별 사업체 규모,2019,전체,99.6,PASS
GOMS_014,취업자의 학교유형별 사업체 규모,2007,4년제,99.5,PASS
GOMS_014,취업자의 학교유형별 사업체 규모,2007,교육대,99.9,PASS
GOMS_014,취업자의 학교유형별 사업체 규모,2007,전문대,99.60000000000001,PASS
GOMS_014,취업자의 학교유형별 사업체 규모,2007,전체,99.6,PASS
GOMS_014,취업자의 학교유형별 사업체 규모,2008,4년제,99.5,PASS
GOMS_014,취업자의 학교유형별 사업체 규모,2008,교육대,99.5,PASS
GOMS_014,취업자의 학교유형별 사업체 규모,2008,전문대,99.60000000000001,PASS
GOMS_014,취업자의 학교유형별 사업체 규모,2008,전체,99.7,PASS
GOMS_014,취업자의 학교유형별 사업체 규모,2009,4년제,99.6,PASS
GOMS_014,취업자의 학교유형별 사업체 규모,2009,교육대,99.4,PASS
GOMS_014,취업자의 학교유형별 사업체 규모,2009,전문대,99.6,PASS
GOMS_014,취업자의 학교유형별 사업체 규모,2009,전체,99.5,PASS
GOMS_014,취업자의 학교유형별 사업체 규모,2010,4년제,99.5,PASS
GOMS_014,취업자의 학교유형별 사업체 규모,2010,교육대,99.7,PASS
GOMS_014,취업자의 학교유형별 사업체 규모,2010,전문대,99.5,PASS
GOMS_014,취업자의 학교유형별 사업체 규모,2010,전체,99.5,PASS
GOMS_014,취업자의 학교유형별 사업체 규모,2011,4년제,99.7,PASS
GOMS_014,취업자의 학교유형별 사업체 규모,2011,교육대,99.5,PASS
GOMS_014,취업자의 학교유형별 사업체 규모,2011,전문대,99.6,PASS
GOMS_014,취업자의 학교유형별 사업체 규모,2011,전체,99.7,PASS
GOMS_014,취업자의 학교유형별 사업체 규모,2012,4년제,99.5,PASS
GOMS_014,취업자의 학교유형별 사업체 규모,2012,교육대,99.6,PASS
GOMS_014,취업자의 학교유형별 사업체 규모,2012,전문대,99.6,PASS
GOMS_014,취업자의 학교유형별 사업체 규모,2012,전체,99.5,PASS
GOMS_014,취업자의 학교유형별 사업체 규모,2013,4년제,99.5,PASS
GOMS_014,취업자의 학교유형별 사업체 규모,2013,교육대,99.6,PASS
GOMS_014,취업자의 학교유형별 사업체 규모,2013,전문대,99.5,PASS
GOMS_014,취업자의 학교유형별 사업체 규모,2013,전체,99.6,PASS
GOMS_014,취업자의 학교유형별 사업체 규모,2014,4년제,99.6,PASS
GOMS_014,취업자의 학교유형별 사업체 규모,2014,교육대,99.5,PASS
GOMS_014,취업자의 학교유형별 사업체 규모,2014,전문대,99.4,PASS
GOMS_014,취업자의 학교유형별 사업체 규모,2014,전체,99.4,PASS
GOMS_014,취업자의 학교유형별 사업체 규모,2015,4년제,99.8,PASS
GOMS_014,취업자의 학교유형별 사업체 규모,2015,교육대,99.6,PASS
GOMS_014,취업자의 학교유형별 사업체 규모,2015,전문대,99.5,PASS
GOMS_014,취업자의 학교유형별 사업체 규모,2015,전체,99.6,PASS
GOMS_014,취업자의 학교유형별 사업체 규모,2016,4년제,99.5,PASS
GOMS_014,취업자의 학교유형별 사업체 규모,2016,교육대,99.6,PASS
GOMS_014,취업자의 학교유형별 사업체 규모,2016,전문대,99.6,PASS
GOMS_014,취업자의 학교유형별 사업체 규모,2016,전체,99.6,PASS
GOMS_014,취업자의 학교유형별 사업체 규모,2017,4년제,99.6,PASS
GOMS_014,취업자의 학교유형별 사업체 규모,2017,교육대,99.39999999999999,PASS
GOMS_014,취업자의 학교유형별 사업체 규모,2017,전문대,99.7,PASS
GOMS_014,취업자의 학교유형별 사업체 규모,2017,전체,99.5,PASS
GOMS_014,취업자의 학교유형별 사업체 규모,2018,4년제,99.5,PASS
GOMS_014,취업자의 학교유형별 사업체 규모,2018,교육대,99.7,PASS
GOMS_014,취업자의 학교유형별 사업체 규모,2018,전문대,99.60000000000001,PASS
GOMS_014,취업자의 학교유형별 사업체 규모,2018,전체,99.6,PASS
GOMS_014,취업자의 학교유형별 사업체 규모,2019,4년제,99.5,PASS
GOMS_014,취업자의 학교유형별 사업체 규모,2019,교육대,99.6,PASS
GOMS_014,취업자의 학교유형별 사업체 규모,2019,전문대,99.5,PASS
GOMS_014,취업자의 학교유형별 사업체 규모,2019,전체,99.6,PASS
GOMS_015,취업자의 전공별 사업체 규모,2007,공학,99.5,PASS
GOMS_015,취업자의 전공별 사업체 규모,2007,교육,99.6,PASS
GOMS_015,취업자의 전공별 사업체 규모,2007,사회,99.5,PASS
GOMS_015,취업자의 전공별 사업체 규모,2007,예체능,99.7,PASS
GOMS_015,취업자의 전공별 사업체 규모,2007,의약,99.4,PASS
GOMS_015,취업자의 전공별 사업체 규모,2007,인문,99.5,PASS
GOMS_015,취업자의 전공별 사업체 규모,2007,자연,99.60000000000001,PASS
GOMS_015,취업자의 전공별 사업체 규모,2007,전체,99.6,PASS
GOMS_015,취업자의 전공별 사업체 규모,2008,공학,99.6,PASS
GOMS_015,취업자의 전공별 사업체 규모,2008,교육,99.39999999999999,PASS
GOMS_015,취업자의 전공별 사업체 규모,2008,사회,99.4,PASS
GOMS_015,취업자의 전공별 사업체 규모,2008,예체능,99.60000000000001,PASS
GOMS_015,취업자의 전공별 사업체 규모,2008,의약,99.6,PASS
GOMS_015,취업자의 전공별 사업체 규모,2008,인문,99.5,PASS
GOMS_015,취업자의 전공별 사업체 규모,2008,자연,99.7,PASS
GOMS_015,취업자의 전공별 사업체 규모,2008,전체,99.7,PASS
GOMS_015,취업자의 전공별 사업체 규모,2009,공학,99.5,PASS
GOMS_015,취업자의 전공별 사업체 규모,2009,교육,99.5,PASS
GOMS_015,취업자의 전공별 사업체 규모,2009,사회,99.6,PASS
GOMS_015,취업자의 전공별 사업체 규모,2009,예체능,99.6,PASS
GOMS_015,취업자의 전공별 사업체 규모,2009,의약,99.6,PASS
GOMS_015,취업자의 전공별 사업체 규모,2009,인문,99.5,PASS
GOMS_015,취업자의 전공별 사업체 규모,2009,자연,99.60000000000001,PASS
GOMS_015,취업자의 전공별 사업체 규모,2009,전체,99.5,PASS
GOMS_015,취업자의 전공별 사업체 규모,2010,공학,99.4,PASS
GOMS_015,취업자의 전공별 사업체 규모,2010,교육,99.5,PASS
GOMS_015,취업자의 전공별 사업체 규모,2010,사회,99.6,PASS
GOMS_015,취업자의 전공별 사업체 규모,2010,예체능,99.5,PASS
GOMS_015,취업자의 전공별 사업체 규모,2010,의약,99.6,PASS
GOMS_015,취업자의 전공별 사업체 규모,2010,인문,99.5,PASS
GOMS_015,취업자의 전공별 사업체 규모,2010,자연,99.60000000000001,PASS
GOMS_015,취업자의 전공별 사업체 규모,2010,전체,99.5,PASS
GOMS_015,취업자의 전공별 사업체 규모,2011,공학,99.4,PASS
GOMS_015,취업자의 전공별 사업체 규모,2011,교육,99.6,PASS
GOMS_015,취업자의 전공별 사업체 규모,2011,사회,99.6,PASS
GOMS_015,취업자의 전공별 사업체 규모,2011,예체능,99.7,PASS
GOMS_015,취업자의 전공별 사업체 규모,2011,의약,99.5,PASS
GOMS_015,취업자의 전공별 사업체 규모,2011,인문,99.6,PASS
GOMS_015,취업자의 전공별 사업체 규모,2011,자연,99.6,PASS
GOMS_015,취업자의 전공별 사업체 규모,2011,전체,99.7,PASS
GOMS_015,취업자의 전공별 사업체 규모,2012,공학,99.5,PASS
GOMS_015,취업자의 전공별 사업체 규모,2012,교육,99.6,PASS
GOMS_015,취업자의 전공별 사업체 규모,2012,사회,99.6,PASS
GOMS_015,취업자의 전공별 사업체 규모,2012,예체능,99.7,PASS
GOMS_015,취업자의 전공별 사업체 규모,2012,의약,99.6,PASS
GOMS_015,취업자의 전공별 사업체 규모,2012,인문,99.6,PASS
GOMS_015,취업자의 전공별 사업체 규모,2012,자연,99.4,PASS
GOMS_015,취업자의 전공별 사업체 규모,2012,전체,99.5,PASS
GOMS_015,취업자의 전공별 사업체 규모,2013,공학,99.7,PASS
GOMS_015,취업자의 전공별 사업체 규모,2013,교육,99.6,PASS
GOMS_015,취업자의 전공별 사업체 규모,2013,사회,99.5,PASS
GOMS_015,취업자의 전공별 사업체 규모,2013,예체능,99.60000000000001,PASS
GOMS_015,취업자의 전공별 사업체 규모,2013,의약,99.7,PASS
GOMS_015,취업자의 전공별 사업체 규모,2013,인문,99.8,PASS
GOMS_015,취업자의 전공별 사업체 규모,2013,자연,99.4,PASS
GOMS_015,취업자의 전공별 사업체 규모,2013,전체,99.6,PASS
GOMS_015,취업자의 전공별 사업체 규모,2014,공학,99.5,PASS
GOMS_015,취업자의 전공별 사업체 규모,2014,교육,99.6,PASS
GOMS_015,취업자의 전공별 사업체 규모,2014,사회,99.6,PASS
GOMS_015,취업자의 전공별 사업체 규모,2014,예체능,99.4,PASS
GOMS_015,취업자의 전공별 사업체 규모,2014,의약,99.6,PASS
GOMS_015,취업자의 전공별 사업체 규모,2014,인문,99.5,PASS
GOMS_015,취업자의 전공별 사업체 규모,2014,자연,99.4,PASS
GOMS_015,취업자의 전공별 사업체 규모,2014,전체,99.4,PASS
GOMS_015,취업자의 전공별 사업체 규모,2015,공학,99.6,PASS
GOMS_015,취업자의 전공별 사업체 규모,2015,교육,99.60000000000001,PASS
GOMS_015,취업자의 전공별 사업체 규모,2015,사회,99.39999999999999,PASS
GOMS_015,취업자의 전공별 사업체 규모,2015,예체능,99.6,PASS
GOMS_015,취업자의 전공별 사업체 규모,2015,의약,99.6,PASS
GOMS_015,취업자의 전공별 사업체 규모,2015,인문,99.5,PASS
GOMS_015,취업자의 전공별 사업체 규모,2015,자연,99.60000000000001,PASS
GOMS_015,취업자의 전공별 사업체 규모,2015,전체,99.6,PASS
GOMS_015,취업자의 전공별 사업체 규모,2016,공학,99.5,PASS
GOMS_015,취업자의 전공별 사업체 규모,2016,교육,99.5,PASS
GOMS_015,취업자의 전공별 사업체 규모,2016,사회,99.6,PASS
GOMS_015,취업자의 전공별 사업체 규모,2016,예체능,99.4,PASS
GOMS_015,취업자의 전공별 사업체 규모,2016,의약,99.5,PASS
GOMS_015,취업자의 전공별 사업체 규모,2016,인문,99.5,PASS
GOMS_015,취업자의 전공별 사업체 규모,2016,자연,99.6,PASS
GOMS_015,취업자의 전공별 사업체 규모,2016,전체,99.6,PASS
GOMS_015,취업자의 전공별 사업체 규모,2017,공학,99.5,PASS
GOMS_015,취업자의 전공별 사업체 규모,2017,교육,99.7,PASS
GOMS_015,취업자의 전공별 사업체 규모,2017,사회,99.4,PASS
GOMS_015,취업자의 전공별 사업체 규모,2017,예체능,99.6,PASS
GOMS_015,취업자의 전공별 사업체 규모,2017,의약,99.30000000000001,PASS
GOMS_015,취업자의 전공별 사업체 규모,2017,인문,99.6,PASS
GOMS_015,취업자의 전공별 사업체 규모,2017,자연,99.5,PASS
GOMS_015,취업자의 전공별 사업체 규모,2017,전체,99.5,PASS
GOMS_015,취업자의 전공별 사업체 규모,2018,공학,99.5,PASS
GOMS_015,취업자의 전공별 사업체 규모,2018,교육,99.5,PASS
GOMS_015,취업자의 전공별 사업체 규모,2018,사회,99.4,PASS
GOMS_015,취업자의 전공별 사업체 규모,2018,예체능,99.5,PASS
GOMS_015,취업자의 전공별 사업체 규모,2018,의약,99.5,PASS
GOMS_015,취업자의 전공별 사업체 규모,2018,인문,99.6,PASS
GOMS_015,취업자의 전공별 사업체 규모,2018,자연,99.7,PASS
GOMS_015,취업자의 전공별 사업체 규모,2018,전체,99.6,PASS
GOMS_015,취업자의 전공별 사업체 규모,2019,공학,99.60000000000001,PASS
GOMS_015,취업자의 전공별 사업체 규모,2019,교육,99.60000000000001,PASS
GOMS_015,취업자의 전공별 사업체 규모,2019,사회,99.5,PASS
GOMS_015,취업자의 전공별 사업체 규모,2019,예체능,99.5,PASS
GOMS_015,취업자의 전공별 사업체 규모,2019,의약,99.6,PASS
GOMS_015,취업자의 전공별 사업체 규모,2019,인문,99.6,PASS
GOMS_015,취업자의 전공별 사업체 규모,2019,자연,99.6,PASS
GOMS_015,취업자의 전공별 사업체 규모,2019,전체,99.6,PASS
GOMS_016,취업자의 성별 사업체 유형,2007,남자,99.6,PASS
GOMS_016,취업자의 성별 사업체 유형,2007,여자,99.5,PASS
GOMS_016,취업자의 성별 사업체 유형,2007,전체,99.5,PASS
GOMS_016,취업자의 성별 사업체 유형,2008,남자,99.39999999999999,PASS
GOMS_016,취업자의 성별 사업체 유형,2008,여자,99.60000000000001,PASS
GOMS_016,취업자의 성별 사업체 유형,2008,전체,99.5,PASS
GOMS_016,취업자의 성별 사업체 유형,2009,남자,99.5,PASS
GOMS_016,취업자의 성별 사업체 유형,2009,여자,99.5,PASS
GOMS_016,취업자의 성별 사업체 유형,2009,전체,99.5,PASS
GOMS_016,취업자의 성별 사업체 유형,2010,남자,99.4,PASS
GOMS_016,취업자의 성별 사업체 유형,2010,여자,99.60000000000001,PASS
GOMS_016,취업자의 성별 사업체 유형,2010,전체,99.5,PASS
GOMS_016,취업자의 성별 사업체 유형,2011,남자,99.6,PASS
GOMS_016,취업자의 성별 사업체 유형,2011,여자,99.4,PASS
GOMS_016,취업자의 성별 사업체 유형,2011,전체,99.60000000000001,PASS
GOMS_016,취업자의 성별 사업체 유형,2012,남자,99.60000000000001,PASS
GOMS_016,취업자의 성별 사업체 유형,2012,여자,99.4,PASS
GOMS_016,취업자의 성별 사업체 유형,2012,전체,99.6,PASS
GOMS_016,취업자의 성별 사업체 유형,2013,남자,99.6,PASS
GOMS_016,취업자의 성별 사업체 유형,2013,여자,99.6,PASS
GOMS_016,취업자의 성별 사업체 유형,2013,전체,99.60000000000001,PASS
GOMS_016,취업자의 성별 사업체 유형,2014,남자,99.6,PASS
GOMS_016,취업자의 성별 사업체 유형,2014,여자,99.60000000000001,PASS
GOMS_016,취업자의 성별 사업체 유형,2014,전체,99.60000000000001,PASS
GOMS_016,취업자의 성별 사업체 유형,2015,남자,99.60000000000001,PASS
GOMS_016,취업자의 성별 사업체 유형,2015,여자,99.5,PASS
GOMS_016,취업자의 성별 사업체 유형,2015,전체,99.5,PASS
GOMS_016,취업자의 성별 사업체 유형,2016,남자,99.5,PASS
GOMS_016,취업자의 성별 사업체 유형,2016,여자,99.6,PASS
GOMS_016,취업자의 성별 사업체 유형,2016,전체,99.6,PASS
GOMS_016,취업자의 성별 사업체 유형,2017,남자,99.60000000000001,PASS
GOMS_016,취업자의 성별 사업체 유형,2017,여자,99.7,PASS
GOMS_016,취업자의 성별 사업체 유형,2017,전체,99.6,PASS
GOMS_016,취업자의 성별 사업체 유형,2018,남자,99.8,PASS
GOMS_016,취업자의 성별 사업체 유형,2018,여자,99.69999999999999,PASS
GOMS_016,취업자의 성별 사업체 유형,2018,전체,99.5,PASS
GOMS_016,취업자의 성별 사업체 유형,2019,남자,99.5,PASS
GOMS_016,취업자의 성별 사업체 유형,2019,여자,99.3,PASS
GOMS_016,취업자의 성별 사업체 유형,2019,전체,99.5,PASS
GOMS_017,취업자의 학교유형별 사업체 유형,2007,4년제,99.60000000000001,PASS
GOMS_017,취업자의 학교유형별 사업체 유형,2007,교육대,99.8,PASS
GOMS_017,취업자의 학교유형별 사업체 유형,2007,전문대,99.5,PASS
GOMS_017,취업자의 학교유형별 사업체 유형,2007,전체,99.5,PASS
GOMS_017,취업자의 학교유형별 사업체 유형,2008,4년제,99.5,PASS
GOMS_017,취업자의 학교유형별 사업체 유형,2008,교육대,99.7,PASS
GOMS_017,취업자의 학교유형별 사업체 유형,2008,전문대,99.39999999999999,PASS
GOMS_017,취업자의 학교유형별 사업체 유형,2008,전체,99.5,PASS
GOMS_017,취업자의 학교유형별 사업체 유형,2009,4년제,99.5,PASS
GOMS_017,취업자의 학교유형별 사업체 유형,2009,교육대,99.9,PASS
GOMS_017,취업자의 학교유형별 사업체 유형,2009,전문대,99.60000000000001,PASS
GOMS_017,취업자의 학교유형별 사업체 유형,2009,전체,99.5,PASS
GOMS_017,취업자의 학교유형별 사업체 유형,2010,4년제,99.5,PASS
GOMS_017,취업자의 학교유형별 사업체 유형,2010,교육대,99.89999999999999,PASS
GOMS_017,취업자의 학교유형별 사업체 유형,2010,전문대,99.6,PASS
GOMS_017,취업자의 학교유형별 사업체 유형,2010,전체,99.5,PASS
GOMS_017,취업자의 학교유형별 사업체 유형,2011,4년제,99.4,PASS
GOMS_017,취업자의 학교유형별 사업체 유형,2011,교육대,99.69999999999999,PASS
GOMS_017,취업자의 학교유형별 사업체 유형,2011,전문대,99.5,PASS
GOMS_017,취업자의 학교유형별 사업체 유형,2011,전체,99.60000000000001,PASS
GOMS_017,취업자의 학교유형별 사업체 유형,2012,4년제,99.60000000000001,PASS
GOMS_017,취업자의 학교유형별 사업체 유형,2012,교육대,99.69999999999999,PASS
GOMS_017,취업자의 학교유형별 사업체 유형,2012,전문대,99.6,PASS
GOMS_017,취업자의 학교유형별 사업체 유형,2012,전체,99.6,PASS
GOMS_017,취업자의 학교유형별 사업체 유형,2013,4년제,99.60000000000001,PASS
GOMS_017,취업자의 학교유형별 사업체 유형,2013,교육대,99.60000000000001,PASS
GOMS_017,취업자의 학교유형별 사업체 유형,2013,전문대,99.5,PASS
GOMS_017,취업자의 학교유형별 사업체 유형,2013,전체,99.60000000000001,PASS
GOMS_017,취업자의 학교유형별 사업체 유형,2014,4년제,99.6,PASS
GOMS_017,취업자의 학교유형별 사업체 유형,2014,교육대,99.8,PASS
GOMS_017,취업자의 학교유형별 사업체 유형,2014,전문대,99.6,PASS
GOMS_017,취업자의 학교유형별 사업체 유형,2014,전체,99.60000000000001,PASS
GOMS_017,취업자의 학교유형별 사업체 유형,2015,4년제,99.60000000000001,PASS
GOMS_017,취업자의 학교유형별 사업체 유형,2015,교육대,99.89999999999999,PASS
GOMS_017,취업자의 학교유형별 사업체 유형,2015,전문대,99.7,PASS
GOMS_017,취업자의 학교유형별 사업체 유형,2015,전체,99.5,PASS
GOMS_017,취업자의 학교유형별 사업체 유형,2016,4년제,99.6,PASS
GOMS_017,취업자의 학교유형별 사업체 유형,2016,교육대,99.8,PASS
GOMS_017,취업자의 학교유형별 사업체 유형,2016,전문대,99.5,PASS
GOMS_017,취업자의 학교유형별 사업체 유형,2016,전체,99.6,PASS
GOMS_017,취업자의 학교유형별 사업체 유형,2017,4년제,99.6,PASS
GOMS_017,취업자의 학교유형별 사업체 유형,2017,교육대,99.9,PASS
GOMS_017,취업자의 학교유형별 사업체 유형,2017,전문대,99.6,PASS
GOMS_017,취업자의 학교유형별 사업체 유형,2017,전체,99.6,PASS
GOMS_017,취업자의 학교유형별 사업체 유형,2018,4년제,99.6,PASS
GOMS_017,취업자의 학교유형별 사업체 유형,2018,교육대,99.9,PASS
GOMS_017,취업자의 학교유형별 사업체 유형,2018,전문대,99.6,PASS
GOMS_017,취업자의 학교유형별 사업체 유형,2018,전체,99.5,PASS
GOMS_017,취업자의 학교유형별 사업체 유형,2019,4년제,99.7,PASS
GOMS_017,취업자의 학교유형별 사업체 유형,2019,교육대,99.89999999999999,PASS
GOMS_017,취업자의 학교유형별 사업체 유형,2019,전문대,99.60000000000001,PASS
GOMS_017,취업자의 학교유형별 사업체 유형,2019,전체,99.5,PASS
GOMS_018,취업자의 전공별 사업체 유형,2007,공학,99.5,PASS
GOMS_018,취업자의 전공별 사업체 유형,2007,교육,99.6,PASS
GOMS_018,취업자의 전공별 사업체 유형,2007,사회,99.5,PASS
GOMS_018,취업자의 전공별 사업체 유형,2007,예체능,99.7,PASS
GOMS_018,취업자의 전공별 사업체 유형,2007,의약,99.5,PASS
GOMS_018,취업자의 전공별 사업체 유형,2007,인문,99.5,PASS
GOMS_018,취업자의 전공별 사업체 유형,2007,자연,99.4,PASS
GOMS_018,취업자의 전공별 사업체 유형,2007,전체,99.5,PASS
GOMS_018,취업자의 전공별 사업체 유형,2008,공학,99.7,PASS
GOMS_018,취업자의 전공별 사업체 유형,2008,교육,99.5,PASS
GOMS_018,취업자의 전공별 사업체 유형,2008,사회,99.6,PASS
GOMS_018,취업자의 전공별 사업체 유형,2008,예체능,99.60000000000001,PASS
GOMS_018,취업자의 전공별 사업체 유형,2008,의약,99.7,PASS
GOMS_018,취업자의 전공별 사업체 유형,2008,인문,99.6,PASS
GOMS_018,취업자의 전공별 사업체 유형,2008,자연,99.5,PASS
GOMS_018,취업자의 전공별 사업체 유형,2008,전체,99.5,PASS
GOMS_018,취업자의 전공별 사업체 유형,2009,공학,99.7,PASS
GOMS_018,취업자의 전공별 사업체 유형,2009,교육,99.60000000000001,PASS
GOMS_018,취업자의 전공별 사업체 유형,2009,사회,99.6,PASS
GOMS_018,취업자의 전공별 사업체 유형,2009,예체능,99.6,PASS
GOMS_018,취업자의 전공별 사업체 유형,2009,의약,99.5,PASS
GOMS_018,취업자의 전공별 사업체 유형,2009,인문,99.7,PASS
GOMS_018,취업자의 전공별 사업체 유형,2009,자연,99.7,PASS
GOMS_018,취업자의 전공별 사업체 유형,2009,전체,99.5,PASS
GOMS_018,취업자의 전공별 사업체 유형,2010,공학,99.5,PASS
GOMS_018,취업자의 전공별 사업체 유형,2010,교육,99.5,PASS
GOMS_018,취업자의 전공별 사업체 유형,2010,사회,99.69999999999999,PASS
GOMS_018,취업자의 전공별 사업체 유형,2010,예체능,99.6,PASS
GOMS_018,취업자의 전공별 사업체 유형,2010,의약,99.5,PASS
GOMS_018,취업자의 전공별 사업체 유형,2010,인문,99.5,PASS
GOMS_018,취업자의 전공별 사업체 유형,2010,자연,99.5,PASS
GOMS_018,취업자의 전공별 사업체 유형,2010,전체,99.5,PASS
GOMS_018,취업자의 전공별 사업체 유형,2011,공학,99.5,PASS
GOMS_018,취업자의 전공별 사업체 유형,2011,교육,99.7,PASS
GOMS_018,취업자의 전공별 사업체 유형,2011,사회,99.60000000000001,PASS
GOMS_018,취업자의 전공별 사업체 유형,2011,예체능,99.7,PASS
GOMS_018,취업자의 전공별 사업체 유형,2011,의약,99.7,PASS
GOMS_018,취업자의 전공별 사업체 유형,2011,인문,99.69999999999999,PASS
GOMS_018,취업자의 전공별 사업체 유형,2011,자연,99.7,PASS
GOMS_018,취업자의 전공별 사업체 유형,2011,전체,99.60000000000001,PASS
GOMS_018,취업자의 전공별 사업체 유형,2012,공학,99.5,PASS
GOMS_018,취업자의 전공별 사업체 유형,2012,교육,99.5,PASS
GOMS_018,취업자의 전공별 사업체 유형,2012,사회,99.5,PASS
GOMS_018,취업자의 전공별 사업체 유형,2012,예체능,99.8,PASS
GOMS_018,취업자의 전공별 사업체 유형,2012,의약,99.4,PASS
GOMS_018,취업자의 전공별 사업체 유형,2012,인문,99.4,PASS
GOMS_018,취업자의 전공별 사업체 유형,2012,자연,99.5,PASS
GOMS_018,취업자의 전공별 사업체 유형,2012,전체,99.6,PASS
GOMS_018,취업자의 전공별 사업체 유형,2013,공학,99.5,PASS
GOMS_018,취업자의 전공별 사업체 유형,2013,교육,99.5,PASS
GOMS_018,취업자의 전공별 사업체 유형,2013,사회,99.7,PASS
GOMS_018,취업자의 전공별 사업체 유형,2013,예체능,99.60000000000001,PASS
GOMS_018,취업자의 전공별 사업체 유형,2013,의약,99.7,PASS
GOMS_018,취업자의 전공별 사업체 유형,2013,인문,99.5,PASS
GOMS_018,취업자의 전공별 사업체 유형,2013,자연,99.60000000000001,PASS
GOMS_018,취업자의 전공별 사업체 유형,2013,전체,99.60000000000001,PASS
GOMS_018,취업자의 전공별 사업체 유형,2014,공학,99.60000000000001,PASS
GOMS_018,취업자의 전공별 사업체 유형,2014,교육,99.5,PASS
GOMS_018,취업자의 전공별 사업체 유형,2014,사회,99.5,PASS
GOMS_018,취업자의 전공별 사업체 유형,2014,예체능,99.5,PASS
GOMS_018,취업자의 전공별 사업체 유형,2014,의약,99.6,PASS
GOMS_018,취업자의 전공별 사업체 유형,2014,인문,99.5,PASS
GOMS_018,취업자의 전공별 사업체 유형,2014,자연,99.6,PASS
GOMS_018,취업자의 전공별 사업체 유형,2014,전체,99.60000000000001,PASS
GOMS_018,취업자의 전공별 사업체 유형,2015,공학,99.5,PASS
GOMS_018,취업자의 전공별 사업체 유형,2015,교육,99.5,PASS
GOMS_018,취업자의 전공별 사업체 유형,2015,사회,99.60000000000001,PASS
GOMS_018,취업자의 전공별 사업체 유형,2015,예체능,99.5,PASS
GOMS_018,취업자의 전공별 사업체 유형,2015,의약,99.60000000000001,PASS
GOMS_018,취업자의 전공별 사업체 유형,2015,인문,99.5,PASS
GOMS_018,취업자의 전공별 사업체 유형,2015,자연,99.5,PASS
GOMS_018,취업자의 전공별 사업체 유형,2015,전체,99.5,PASS
GOMS_018,취업자의 전공별 사업체 유형,2016,공학,99.5,PASS
GOMS_018,취업자의 전공별 사업체 유형,2016,교육,99.7,PASS
GOMS_018,취업자의 전공별 사업체 유형,2016,사회,99.6,PASS
GOMS_018,취업자의 전공별 사업체 유형,2016,예체능,99.7,PASS
GOMS_018,취업자의 전공별 사업체 유형,2016,의약,99.60000000000001,PASS
GOMS_018,취업자의 전공별 사업체 유형,2016,인문,99.60000000000001,PASS
GOMS_018,취업자의 전공별 사업체 유형,2016,자연,99.60000000000001,PASS
GOMS_018,취업자의 전공별 사업체 유형,2016,전체,99.6,PASS
GOMS_018,취업자의 전공별 사업체 유형,2017,공학,99.7,PASS
GOMS_018,취업자의 전공별 사업체 유형,2017,교육,99.6,PASS
GOMS_018,취업자의 전공별 사업체 유형,2017,사회,99.7,PASS
GOMS_018,취업자의 전공별 사업체 유형,2017,예체능,99.60000000000001,PASS
GOMS_018,취업자의 전공별 사업체 유형,2017,의약,99.7,PASS
GOMS_018,취업자의 전공별 사업체 유형,2017,인문,99.5,PASS
GOMS_018,취업자의 전공별 사업체 유형,2017,자연,99.5,PASS
GOMS_018,취업자의 전공별 사업체 유형,2017,전체,99.6,PASS
GOMS_018,취업자의 전공별 사업체 유형,2018,공학,99.7,PASS
GOMS_018,취업자의 전공별 사업체 유형,2018,교육,99.5,PASS
GOMS_018,취업자의 전공별 사업체 유형,2018,사회,99.6,PASS
GOMS_018,취업자의 전공별 사업체 유형,2018,예체능,99.6,PASS
GOMS_018,취업자의 전공별 사업체 유형,2018,의약,99.6,PASS
GOMS_018,취업자의 전공별 사업체 유형,2018,인문,99.5,PASS
GOMS_018,취업자의 전공별 사업체 유형,2018,자연,99.7,PASS
GOMS_018,취업자의 전공별 사업체 유형,2018,전체,99.5,PASS
GOMS_018,취업자의 전공별 사업체 유형,2019,공학,99.6,PASS
GOMS_018,취업자의 전공별 사업체 유형,2019,교육,99.6,PASS
GOMS_018,취업자의 전공별 사업체 유형,2019,사회,99.7,PASS
GOMS_018,취업자의 전공별 사업체 유형,2019,예체능,99.5,PASS
GOMS_018,취업자의 전공별 사업체 유형,2019,의약,99.5,PASS
GOMS_018,취업자의 전공별 사업체 유형,2019,인문,99.5,PASS
GOMS_018,취업자의 전공별 사업체 유형,2019,자연,99.5,PASS
GOMS_018,취업자의 전공별 사업체 유형,2019,전체,99.5,PASS
GOMS_019,취업자의 성별 종사상 지위,2007,남자,99.8,PASS
GOMS_019,취업자의 성별 종사상 지위,2007,여자,99.8,PASS
GOMS_019,취업자의 성별 종사상 지위,2007,전체,99.69999999999999,PASS
GOMS_019,취업자의 성별 종사상 지위,2008,남자,99.8,PASS
GOMS_019,취업자의 성별 종사상 지위,2008,여자,99.7,PASS
GOMS_019,취업자의 성별 종사상 지위,2008,전체,99.69999999999999,PASS
GOMS_019,취업자의 성별 종사상 지위,2009,남자,99.8,PASS
GOMS_019,취업자의 성별 종사상 지위,2009,여자,99.7,PASS
GOMS_019,취업자의 성별 종사상 지위,2009,전체,99.7,PASS
GOMS_019,취업자의 성별 종사상 지위,2010,남자,99.6,PASS
GOMS_019,취업자의 성별 종사상 지위,2010,여자,99.8,PASS
GOMS_019,취업자의 성별 종사상 지위,2010,전체,99.80000000000001,PASS
GOMS_019,취업자의 성별 종사상 지위,2011,남자,99.8,PASS
GOMS_019,취업자의 성별 종사상 지위,2011,여자,99.7,PASS
GOMS_019,취업자의 성별 종사상 지위,2011,전체,99.6,PASS
GOMS_019,취업자의 성별 종사상 지위,2012,남자,99.8,PASS
GOMS_019,취업자의 성별 종사상 지위,2012,여자,99.8,PASS
GOMS_019,취업자의 성별 종사상 지위,2012,전체,99.8,PASS
GOMS_019,취업자의 성별 종사상 지위,2013,남자,99.8,PASS
GOMS_019,취업자의 성별 종사상 지위,2013,여자,99.69999999999999,PASS
GOMS_019,취업자의 성별 종사상 지위,2013,전체,99.7,PASS
GOMS_019,취업자의 성별 종사상 지위,2014,남자,99.7,PASS
GOMS_019,취업자의 성별 종사상 지위,2014,여자,99.7,PASS
GOMS_019,취업자의 성별 종사상 지위,2014,전체,99.7,PASS
GOMS_019,취업자의 성별 종사상 지위,2015,남자,99.7,PASS
GOMS_019,취업자의 성별 종사상 지위,2015,여자,99.7,PASS
GOMS_019,취업자의 성별 종사상 지위,2015,전체,99.8,PASS
GOMS_019,취업자의 성별 종사상 지위,2016,남자,99.7,PASS
GOMS_019,취업자의 성별 종사상 지위,2016,여자,99.7,PASS
GOMS_019,취업자의 성별 종사상 지위,2016,전체,99.69999999999999,PASS
GOMS_019,취업자의 성별 종사상 지위,2017,남자,99.6,PASS
GOMS_019,취업자의 성별 종사상 지위,2017,여자,99.8,PASS
GOMS_019,취업자의 성별 종사상 지위,2017,전체,99.8,PASS
GOMS_019,취업자의 성별 종사상 지위,2018,남자,99.69999999999999,PASS
GOMS_019,취업자의 성별 종사상 지위,2018,여자,99.7,PASS
GOMS_019,취업자의 성별 종사상 지위,2018,전체,99.7,PASS
GOMS_019,취업자의 성별 종사상 지위,2019,남자,99.7,PASS
GOMS_019,취업자의 성별 종사상 지위,2019,여자,99.60000000000001,PASS
GOMS_019,취업자의 성별 종사상 지위,2019,전체,99.7,PASS
GOMS_020,취업자의 학교유형별 종사상 지위,2007,4년제,99.69999999999999,PASS
GOMS_020,취업자의 학교유형별 종사상 지위,2007,교육대,99.9,PASS
GOMS_020,취업자의 학교유형별 종사상 지위,2007,전문대,99.7,PASS
GOMS_020,취업자의 학교유형별 종사상 지위,2007,전체,99.69999999999999,PASS
GOMS_020,취업자의 학교유형별 종사상 지위,2008,4년제,99.89999999999999,PASS
GOMS_020,취업자의 학교유형별 종사상 지위,2008,교육대,99.9,PASS
GOMS_020,취업자의 학교유형별 종사상 지위,2008,전문대,99.7,PASS
GOMS_020,취업자의 학교유형별 종사상 지위,2008,전체,99.69999999999999,PASS
GOMS_020,취업자의 학교유형별 종사상 지위,2009,4년제,99.69999999999999,PASS
GOMS_020,취업자의 학교유형별 종사상 지위,2009,교육대,99.9,PASS
GOMS_020,취업자의 학교유형별 종사상 지위,2009,전문대,99.6,PASS
GOMS_020,취업자의 학교유형별 종사상 지위,2009,전체,99.7,PASS
GOMS_020,취업자의 학교유형별 종사상 지위,2010,4년제,99.7,PASS
GOMS_020,취업자의 학교유형별 종사상 지위,2010,교육대,99.9,PASS
GOMS_020,취업자의 학교유형별 종사상 지위,2010,전문대,99.7,PASS
GOMS_020,취업자의 학교유형별 종사상 지위,2010,전체,99.80000000000001,PASS
GOMS_020,취업자의 학교유형별 종사상 지위,2011,4년제,99.7,PASS
GOMS_020,취업자의 학교유형별 종사상 지위,2011,교육대,99.9,PASS
GOMS_020,취업자의 학교유형별 종사상 지위,2011,전문대,99.6,PASS
GOMS_020,취업자의 학교유형별 종사상 지위,2011,전체,99.6,PASS
GOMS_020,취업자의 학교유형별 종사상 지위,2012,4년제,99.69999999999999,PASS
GOMS_020,취업자의 학교유형별 종사상 지위,2012,교육대,99.80000000000001,PASS
GOMS_020,취업자의 학교유형별 종사상 지위,2012,전문대,99.8,PASS
GOMS_020,취업자의 학교유형별 종사상 지위,2012,전체,99.8,PASS
GOMS_020,취업자의 학교유형별 종사상 지위,2013,4년제,99.80000000000001,PASS
GOMS_020,취업자의 학교유형별 종사상 지위,2013,교육대,99.8,PASS
GOMS_020,취업자의 학교유형별 종사상 지위,2013,전문대,99.6,PASS
GOMS_020,취업자의 학교유형별 종사상 지위,2013,전체,99.7,PASS
GOMS_020,취업자의 학교유형별 종사상 지위,2014,4년제,99.8,PASS
GOMS_020,취업자의 학교유형별 종사상 지위,2014,교육대,99.8,PASS
GOMS_020,취업자의 학교유형별 종사상 지위,2014,전문대,99.60000000000001,PASS
GOMS_020,취업자의 학교유형별 종사상 지위,2014,전체,99.7,PASS
GOMS_020,취업자의 학교유형별 종사상 지위,2015,4년제,99.60000000000001,PASS
GOMS_020,취업자의 학교유형별 종사상 지위,2015,교육대,99.89999999999999,PASS
GOMS_020,취업자의 학교유형별 종사상 지위,2015,전문대,99.7,PASS
GOMS_020,취업자의 학교유형별 종사상 지위,2015,전체,99.8,PASS
GOMS_020,취업자의 학교유형별 종사상 지위,2016,4년제,99.7,PASS
GOMS_020,취업자의 학교유형별 종사상 지위,2016,교육대,99.89999999999999,PASS
GOMS_020,취업자의 학교유형별 종사상 지위,2016,전문대,99.7,PASS
GOMS_020,취업자의 학교유형별 종사상 지위,2016,전체,99.69999999999999,PASS
GOMS_020,취업자의 학교유형별 종사상 지위,2017,4년제,99.8,PASS
GOMS_020,취업자의 학교유형별 종사상 지위,2017,교육대,99.89999999999999,PASS
GOMS_020,취업자의 학교유형별 종사상 지위,2017,전문대,99.7,PASS
GOMS_020,취업자의 학교유형별 종사상 지위,2017,전체,99.8,PASS
GOMS_020,취업자의 학교유형별 종사상 지위,2018,4년제,99.69999999999999,PASS
GOMS_020,취업자의 학교유형별 종사상 지위,2018,교육대,99.80000000000001,PASS
GOMS_020,취업자의 학교유형별 종사상 지위,2018,전문대,99.7,PASS
GOMS_020,취업자의 학교유형별 종사상 지위,2018,전체,99.7,PASS
GOMS_020,취업자의 학교유형별 종사상 지위,2019,4년제,99.7,PASS
GOMS_020,취업자의 학교유형별 종사상 지위,2019,교육대,99.9,PASS
GOMS_020,취업자의 학교유형별 종사상 지위,2019,전문대,99.8,PASS
GOMS_020,취업자의 학교유형별 종사상 지위,2019,전체,99.7,PASS
GOMS_021,취업자의 전공별 종사상 지위,2007,공학,99.80000000000001,PASS
GOMS_021,취업자의 전공별 종사상 지위,2007,교육,99.8,PASS
GOMS_021,취업자의 전공별 종사상 지위,2007,사회,99.7,PASS
GOMS_021,취업자의 전공별 종사상 지위,2007,예체능,99.7,PASS
GOMS_021,취업자의 전공별 종사상 지위,2007,의약,99.7,PASS
GOMS_021,취업자의 전공별 종사상 지위,2007,인문,99.69999999999999,PASS
GOMS_021,취업자의 전공별 종사상 지위,2007,자연,99.69999999999999,PASS
GOMS_021,취업자의 전공별 종사상 지위,2007,전체,99.69999999999999,PASS
GOMS_021,취업자의 전공별 종사상 지위,2008,공학,99.7,PASS
GOMS_021,취업자의 전공별 종사상 지위,2008,교육,99.89999999999999,PASS
GOMS_021,취업자의 전공별 종사상 지위,2008,사회,99.80000000000001,PASS
GOMS_021,취업자의 전공별 종사상 지위,2008,예체능,99.80000000000001,PASS
GOMS_021,취업자의 전공별 종사상 지위,2008,의약,99.69999999999999,PASS
GOMS_021,취업자의 전공별 종사상 지위,2008,인문,99.8,PASS
GOMS_021,취업자의 전공별 종사상 지위,2008,자연,99.7,PASS
GOMS_021,취업자의 전공별 종사상 지위,2008,전체,99.69999999999999,PASS
GOMS_021,취업자의 전공별 종사상 지위,2009,공학,99.7,PASS
GOMS_021,취업자의 전공별 종사상 지위,2009,교육,99.8,PASS
GOMS_021,취업자의 전공별 종사상 지위,2009,사회,99.7,PASS
GOMS_021,취업자의 전공별 종사상 지위,2009,예체능,99.69999999999999,PASS
GOMS_021,취업자의 전공별 종사상 지위,2009,의약,99.7,PASS
GOMS_021,취업자의 전공별 종사상 지위,2009,인문,99.6,PASS
GOMS_021,취업자의 전공별 종사상 지위,2009,자연,99.7,PASS
GOMS_021,취업자의 전공별 종사상 지위,2009,전체,99.7,PASS
GOMS_021,취업자의 전공별 종사상 지위,2010,공학,99.7,PASS
GOMS_021,취업자의 전공별 종사상 지위,2010,교육,99.7,PASS
GOMS_021,취업자의 전공별 종사상 지위,2010,사회,99.8,PASS
GOMS_021,취업자의 전공별 종사상 지위,2010,예체능,99.69999999999999,PASS
GOMS_021,취업자의 전공별 종사상 지위,2010,의약,99.7,PASS
GOMS_021,취업자의 전공별 종사상 지위,2010,인문,99.7,PASS
GOMS_021,취업자의 전공별 종사상 지위,2010,자연,99.8,PASS
GOMS_021,취업자의 전공별 종사상 지위,2010,전체,99.80000000000001,PASS
GOMS_021,취업자의 전공별 종사상 지위,2011,공학,99.6,PASS
GOMS_021,취업자의 전공별 종사상 지위,2011,교육,99.8,PASS
GOMS_021,취업자의 전공별 종사상 지위,2011,사회,99.7,PASS
GOMS_021,취업자의 전공별 종사상 지위,2011,예체능,99.80000000000001,PASS
GOMS_021,취업자의 전공별 종사상 지위,2011,의약,99.7,PASS
GOMS_021,취업자의 전공별 종사상 지위,2011,인문,99.7,PASS
GOMS_021,취업자의 전공별 종사상 지위,2011,자연,99.8,PASS
GOMS_021,취업자의 전공별 종사상 지위,2011,전체,99.6,PASS
GOMS_021,취업자의 전공별 종사상 지위,2012,공학,99.7,PASS
GOMS_021,취업자의 전공별 종사상 지위,2012,교육,99.8,PASS
GOMS_021,취업자의 전공별 종사상 지위,2012,사회,99.7,PASS
GOMS_021,취업자의 전공별 종사상 지위,2012,예체능,99.60000000000001,PASS
GOMS_021,취업자의 전공별 종사상 지위,2012,의약,99.7,PASS
GOMS_021,취업자의 전공별 종사상 지위,2012,인문,99.8,PASS
GOMS_021,취업자의 전공별 종사상 지위,2012,자연,99.7,PASS
GOMS_021,취업자의 전공별 종사상 지위,2012,전체,99.8,PASS
GOMS_021,취업자의 전공별 종사상 지위,2013,공학,99.8,PASS
GOMS_021,취업자의 전공별 종사상 지위,2013,교육,99.7,PASS
GOMS_021,취업자의 전공별 종사상 지위,2013,사회,99.7,PASS
GOMS_021,취업자의 전공별 종사상 지위,2013,예체능,99.6,PASS
GOMS_021,취업자의 전공별 종사상 지위,2013,의약,99.7,PASS
GOMS_021,취업자의 전공별 종사상 지위,2013,인문,99.6,PASS
GOMS_021,취업자의 전공별 종사상 지위,2013,자연,99.8,PASS
GOMS_021,취업자의 전공별 종사상 지위,2013,전체,99.7,PASS
GOMS_021,취업자의 전공별 종사상 지위,2014,공학,99.7,PASS
GOMS_021,취업자의 전공별 종사상 지위,2014,교육,99.7,PASS
GOMS_021,취업자의 전공별 종사상 지위,2014,사회,99.7,PASS
GOMS_021,취업자의 전공별 종사상 지위,2014,예체능,99.5,PASS
GOMS_021,취업자의 전공별 종사상 지위,2014,의약,99.6,PASS
GOMS_021,취업자의 전공별 종사상 지위,2014,인문,99.8,PASS
GOMS_021,취업자의 전공별 종사상 지위,2014,자연,99.7,PASS
GOMS_021,취업자의 전공별 종사상 지위,2014,전체,99.7,PASS
GOMS_021,취업자의 전공별 종사상 지위,2015,공학,99.80000000000001,PASS
GOMS_021,취업자의 전공별 종사상 지위,2015,교육,99.8,PASS
GOMS_021,취업자의 전공별 종사상 지위,2015,사회,99.69999999999999,PASS
GOMS_021,취업자의 전공별 종사상 지위,2015,예체능,99.69999999999999,PASS
GOMS_021,취업자의 전공별 종사상 지위,2015,의약,99.80000000000001,PASS
GOMS_021,취업자의 전공별 종사상 지위,2015,인문,99.8,PASS
GOMS_021,취업자의 전공별 종사상 지위,2015,자연,99.60000000000001,PASS
GOMS_021,취업자의 전공별 종사상 지위,2015,전체,99.8,PASS
GOMS_021,취업자의 전공별 종사상 지위,2016,공학,99.7,PASS
GOMS_021,취업자의 전공별 종사상 지위,2016,교육,99.6,PASS
GOMS_021,취업자의 전공별 종사상 지위,2016,사회,99.7,PASS
GOMS_021,취업자의 전공별 종사상 지위,2016,예체능,99.7,PASS
GOMS_021,취업자의 전공별 종사상 지위,2016,의약,99.6,PASS
GOMS_021,취업자의 전공별 종사상 지위,2016,인문,99.6,PASS
GOMS_021,취업자의 전공별 종사상 지위,2016,자연,99.5,PASS
GOMS_021,취업자의 전공별 종사상 지위,2016,전체,99.69999999999999,PASS
GOMS_021,취업자의 전공별 종사상 지위,2017,공학,99.7,PASS
GOMS_021,취업자의 전공별 종사상 지위,2017,교육,99.80000000000001,PASS
GOMS_021,취업자의 전공별 종사상 지위,2017,사회,99.7,PASS
GOMS_021,취업자의 전공별 종사상 지위,2017,예체능,99.7,PASS
GOMS_021,취업자의 전공별 종사상 지위,2017,의약,99.6,PASS
GOMS_021,취업자의 전공별 종사상 지위,2017,인문,99.8,PASS
GOMS_021,취업자의 전공별 종사상 지위,2017,자연,99.8,PASS
GOMS_021,취업자의 전공별 종사상 지위,2017,전체,99.8,PASS
GOMS_021,취업자의 전공별 종사상 지위,2018,공학,99.7,PASS
GOMS_021,취업자의 전공별 종사상 지위,2018,교육,99.7,PASS
GOMS_021,취업자의 전공별 종사상 지위,2018,사회,99.7,PASS
GOMS_021,취업자의 전공별 종사상 지위,2018,예체능,99.6,PASS
GOMS_021,취업자의 전공별 종사상 지위,2018,의약,99.8,PASS
GOMS_021,취업자의 전공별 종사상 지위,2018,인문,99.8,PASS
GOMS_021,취업자의 전공별 종사상 지위,2018,자연,99.80000000000001,PASS
GOMS_021,취업자의 전공별 종사상 지위,2018,전체,99.7,PASS
GOMS_021,취업자의 전공별 종사상 지위,2019,공학,99.7,PASS
GOMS_021,취업자의 전공별 종사상 지위,2019,교육,99.7,PASS
GOMS_021,취업자의 전공별 종사상 지위,2019,사회,99.6,PASS
GOMS_021,취업자의 전공별 종사상 지위,2019,예체능,99.7,PASS
GOMS_021,취업자의 전공별 종사상 지위,2019,의약,99.60000000000001,PASS
GOMS_021,취업자의 전공별 종사상 지위,2019,인문,99.69999999999999,PASS
GOMS_021,취업자의 전공별 종사상 지위,2019,자연,99.7,PASS
GOMS_021,취업자의 전공별 종사상 지위,2019,전체,99.7,PASS
